freq,class,sub_class,name,tooltip,alias,ignore
3359,ORG,Turbine,SGRE,Siemens Gamesa,Siemens Gamesa( Renewable Energy)?|Siemens Wind Power( Service)?|Siemens(?!=( AG| Industry| Financial))|\bSGRE\b,FALSE
2370,ORG,Developer,Orsted,Orsted/Dong,DONG Energy Wind Power|Dong Energy|\b(.rsted|DONG|Dong)\b,FALSE
1067,ORG,PowerCo,TenneT,TenneT TSO GmbH,TenneT,FALSE
1025,ORG,Turbine,MHI,MHI Vestas,MHI( |-)Vestas|\bMHI\b,FALSE
628,ORG,Others,ABB,ABB Group,ABB Group|ABB Power Systems|\bABB\b,FALSE
612,ORG,Turbine,GE,General Electric,GE Renewable Energy|(G|g)eneral (E|e)lectric|\bGE\b,FALSE
578,ORG,PowerCo,E.ON,E.ON SE,E\.ON SE|E\.ON,FALSE
567,ORG,Others,DNV-GL,DNV-GL Management Service,DNV( |-)GL|GL Garrad Hassan,FALSE
536,ORG,Engineering,Van Oord,Van Oord,(V|v)an Oord,FALSE
496,ORG,Engineering,Boskalis,Royal Boskalis Westminister N.V.,(VolkerWessels |Royal )?Boskalis( Marine Solutions| Westminster( NV| N\.V\.)?)?|\bV(B|S)MS\b,FALSE
493,ORG,ShipBuil,Damen,Damen,Damen,FALSE
462,ORG,PowerCo,RWE,RWE Innogy UK,RWE Innogy|RWE International SE|RWE Innogy UK|\bRWE\b,FALSE
388,ORG,PowerCo,SSE,Scottish & Southern Energy,Scottish( &| and)? Southern (Energy|Electric)|\bSSE\b,FALSE
378,ORG,Developer,Adwen/Areva,Adwen / Areva Wind GmbH,A(reva|dwen)( Wind)?( GmbH)?,TRUE
343,ORG,Services,VBMS,VolkerWessels Boskalis Marine Solutions,Boskalis Subsea Cables & Flexibles|Boskalis Subsea Cables|VolkerWessels Boskalis Marine Solutions|\bVBMS\b|Visser & Smit Marine Contracting|\bVSMC\b,FALSE
339,ORG,Cable,Nexans,Nexans,Nexans,FALSE
339,ORG,PowerCo,National Grid,National Grid plc.,National Grid,FALSE
337,ORG,Engineering,A2SEA,A2SEA,\bA2SEA\b,TRUE
334,ORG,Engineering,DEME,DEME Group,\bDEME( Group)?\b,FALSE
321,ORG,Engineering,GeoSea,GeoSea,\bGeoSea\b,FALSE
309,ORG,PowerCo,EDF,EDF Energy Renewables,EDF(-| )EN|EDF( Energ(y|ies))?( Renewables)?,FALSE
309,ORG,Services,CWind,CWind,CWind,FALSE
270,ORG,Cable,JDR,JDR Cable Systems,JDR Cable Systems|\bJDR\b,FALSE
269,ORG,Others,Ofgem E Serve,Ofgem E Serve,Ofgem E( |-)Serve |Ofgem,FALSE
265,ORG,Turbine,Senvion,Senvion,Senvion,FALSE
261,ORG,Consultant,EWE,EWE AG,\bEWE( AG\.?)?,FALSE
245,ORG,Engineering,Olsen Windcarrier,Olsen Windcarrier,Olsen Windcarrier,FALSE
244,ORG,Developer,SPR,ScottishPower Renewables,Scottish ?Power Renewables|\bSPR\b,FALSE
243,ORG,Engineering,Jan De Nul,Jan De Nul Group,jan de nul( group)?,TRUE
241,ORG,Engineering,GMS(L),Global Marine Group,Global Marine( [A-Z][a-z]+)*|\bGMSL?\b,FALSE
240,ORG,Services,Fugro NV,Fugro NV,Fugro NV | Fugro,TRUE
215,ORG,Engineering,SHL,Seaway Heavy Lifting,Seaway Heavy Lifting|\bSHL\b,FALSE
204,ORG,Cable,NKT,NKT (Holding) A/S,\bNKT\b,FALSE
196,ORG,Others,Carnegie,Carnegie,Carnegie,FALSE
194,ORG,Training,Maersk,Maersk Group,Maersk(?! Connector),FALSE
194,ORG,PowerCo,Eneco,Eneco,Eneco,FALSE
189,ORG,Developer,CIP,Copenhagen Infrastructure Partners,(Copenhagen )?Infrastructure Partners|\bCIP\b,FALSE
180,ORG,Others,Elia,Elia,Elia,FALSE
169,ORG,Engineering,Heerema,Heerema,Heerema,FALSE
162,ORG,Developer,Forewind,Forewind,Forewind,FALSE
149,ORG,Services,Seacat Services,Seacat Services,Seacat Services,FALSE
147,ORG,Others,OPT,Ocean Power Technologies,Ocean Power Technologies|\bOPT\b,FALSE
145,ORG,Services,DeepOcean,DeepOcean,DeepOcean,FALSE
144,ORG,Developer,Vineyard Wind,Vineyard Wind LLC,Vineyard Wind( LLC)?,FALSE
142,ORG,Developer,Shell,Shell Group,Shell,FALSE
139,ORG,Developer,RES,RES Group,RES Offshore|\bRES\b,FALSE
139,ORG,Cable,Tekmar,Tekmar,Tekmar,FALSE
133,ORG,Developer,EDP,EDP Renewable,EDP Ren\S+|\bEDPR?\b,FALSE
130,ORG,Engineering,IHC,Royal IHC,Royal IHC|\bIHC\b,FALSE
123,ORG,Services,EMO,EMS Maritime Offshore GmbH,EMS Maritime Offshore GmbH|EMS Maritime Offshore|\bEMO\b,FALSE
117,ORG,Consultant,BMT,BMT Group,BMT Group|\bBMT\b,FALSE
117,ORG,System,SeaPlanner,SeaPlanner,SeaPlanner,FALSE
116,ORG,Equipment,Ampelmann,Ampelmann,Ampelmann,FALSE
116,ORG,Blade,LM Wind Power,LM Wind Power,LM Wind Power,FALSE
115,ORG,Foundation,Principle Power,Principle Power,Principle Power,FALSE
112,ORG,PowerCo,REpower,REpower,REpower,FALSE
111,ORG,Engineering,Acta Marine,Acta Marine,Acta Marine,FALSE
110,ORG,Equipment,Pelamis,Pelamis Wave Power,Pelamis( Wave Power)?,FALSE
107,ORG,Services,OMM,Offshore Marine Management,Offshore Marine Management|\bOMM\b,FALSE
104,ORG,Services,ENGIE,ENGIE Fabricom,\bENGIE( Fabricom)?|GDF Suez|GDF SUEZ,FALSE
103,ORG,Services,JFMS,James Fisher Marine Services,James Fisher Marine Services|\bJFMS\b,FALSE
103,ORG,Consultant,Natural Power,Natural Power,Natural Power,FALSE
100,ORG,Turbine,DCNS,Green Investment Bank UK,Naval Group|\bDCNS\b,FALSE
100,ORG,Services,ESVAGT,ESVAGT,ESVAGT,FALSE
99,ORG,Services,WINDEA,WINDEA OFFSHORE,W(INDEA|indea) ((O|o)ffshore)?|\bWINDEA\b,FALSE
98,ORG,Engineering,Tidal Transit,Tidal Transit,Tidal Transit,TRUE
97,ORG,Foundation,EEW-SPC,EEW Special Pipe Constructions,EEW( SPC| Special Pipe Constructions)?,FALSE
97,ORG,Training,AIS,Automatic Identification System,Automated Information (S|s)ystem(s)?|\bAIS\b,FALSE
96,ORG,Services,DBB,DBB Jack-Up Services,DBB Jack-Up Services|\bDBB\b,FALSE
96,ORG,Others,Wave Hub,Wave Hub,Wave Hub,FALSE
93,ORG,Others,Aquamarine Power,Aquamarine Power,Aquamarine Power,FALSE
92,ORG,Engineering,Siem Offshore,Siem Offshore Contractors GmbH,Siem Offshore( Contractors( GmbH )?)?,FALSE
92,ORG,Engineering,Swire Blue Ocean,Swire Blue Ocean,Swire Blue Ocean,FALSE
90,ORG,Others,AMSC,American Superconductor,American Superconductor|\bAMSC\b,FALSE
89,ORG,Cable,NSW,Norddeutsche Seekabelwerke GmbH,Norddeutsche Seekabelwerke GmbH|\bNSW\b,FALSE
88,ORG,Others,Prysmian Group,Prysmian Group,Prysmian Group,FALSE
85,ORG,Others,KPS,Kite Power Systems,Kite Power Systems|\bKPS\b,FALSE
84,ORG,System,AXYS,AXYS Technologies Inc.,AXYS Technologies Inc\.|\bAXYS\b,FALSE
83,ORG,Turbine,Hitachi,Hitachi,Hitachi,FALSE
81,ORG,Services,EDS,EDS HV Group,\bEDS( HV( Group)?)?,FALSE
81,ORG,Foundation,Bladt Industries,Bladt Industries,Bladt Industries,FALSE
80,ORG,Turbine,Deutsche Windtechnik,Deutsche Windtechnik Ltd,Deutsche Windtechnik,FALSE
78,ORG,Equipment,Barge Master,Barge Master,Barge Master,FALSE
77,ORG,Engineering,SAL,SAL Heavy Lift,SAL( Heavy Lift| Offshore)|\bSAL\b,FALSE
76,ORG,Consultant,MAKE,MAKE Consulting,\bMAKE( Consulting)?,FALSE
76,ORG,Engineering,SHI,Samsung Heavy Industries,Samsung Heavy Industries|\bSHI\b,FALSE
75,ORG,Services,Lockheed Martin,Lockheed Martin,Lockheed Martin,FALSE
75,ORG,Engineering,Dalby Offshore,Dalby Offshore,Dalby Offshore,FALSE
74,ORG,Consultant,ABS,ABS Consulting,\bABS( Consulting)?,FALSE
71,ORG,Equipment,SMST,SMST Designers & Constructors BV,\bSMST\b,FALSE
71,ORG,Services,MMT,MMT AB Sweden,\bMMT\b,FALSE
71,ORG,Foundation,Universal Foundation,Universal Foundation A/S,Universal Foundation,FALSE
70,ORG,ShipBuil,ULSTEIN,ULSTEIN GROUP,ULSTEIN( GROUP)?,FALSE
70,ORG,Services,SeaZip,SeaZip,SeaZip,FALSE
69,ORG,Others,SGS,SGS Renewable Energy,\bSGS( Renewable Energy)?,FALSE
69,ORG,Developer,Mainstream Renewable Power,Mainstream Renewable Power,Mainstream Renewable Power,FALSE
68,ORG,Turbine,SeaTwirl,SeaTwirl,SeaTwirl,FALSE
68,ORG,Others,Siemens Energy,Siemens Energy,Siemens Energy Management Division|Siemens Energy Sector|Siemens Energy,FALSE
67,ORG,Consultant,GICON,GICON Group,German GICON Group|Floating Offshore Foundation|GICON( (S|F)OF)?,FALSE
66,ORG,Services,ESS,Energy Skills Scotland,Energy Skills Scotland|\bESS\b,FALSE
66,ORG,Consultant,KIC,KIC InnoEnergy,\bKIC( InnoEnergy)?,FALSE
66,ORG,Developer,Nordsee One,Nordsee One,Nordsee One,FALSE
65,ORG,Equipment,OSBIT,OSBIT Power Limited,OSBIT( Power)?( Limited)?|\bOP\b,FALSE
64,ORG,Services,MCT,Marine Current Turbines Ltd.,Marine Current Turbines( Ltd\.?)?|\bMCT\b,FALSE
63,ORG,Services,ALE,ALE Wind Services,ALE('s)?,FALSE
63,ORG,Equipment,CG,CG Holdings Belgium,"\bCG( [A-Z][a-z]+){0,2}\b",FALSE
63,ORG,Equipment,EOLOS,EOLOS Solutions,EOLOS,FALSE
63,ORG,Others,Moog,Moog,\bMoog\b,FALSE
63,ORG,Services,APEM,APEM Co. UK,\bAPEM\b,FALSE
63,ORG,ShipBuil,Austal,Austal,\bAustal\b,FALSE
62,ORG,Engineering,MPI Offshore,MPI Offshore,MPI Offshore,FALSE
60,ORG,Services,HSM,HSM( Offshore,\bHSM( Offshore)?,FALSE
59,ORG,Services,IT Power,IT Power Consulting Ltd.,IT Power( Consulting)?( Ltd\.)?|\bITP\b,FALSE
59,ORG,Consultant,LOC,London Offshore Consultants,London Offshore Consultants|\bLOC( Renewables| Group)?\b,FALSE
58,ORG,Developer,US Wind,US Wind,US Wind,FALSE
58,ORG,Others,CS,CS Offshore,CS (O|o)ffshore|\bCS\b,FALSE
56,ORG,Engineering,Bibby Marine Services,Bibby Marine Services,Bibby Marine Services,FALSE
55,ORG,Others,Mitsubishi Corporation,Mitsubishi Corporation,Mitsubishi Corporation,FALSE
54,ORG,Others,Bloomberg,Bloomberg,(B|b)loomberg,FALSE
53,ORG,Equipment,Safety Technology,Safety Technology,Safety Technology,FALSE
50,ORG,Others,GRS,Global Renewables Shipbrokers,Global Renewables Shipbroker(s)?|\bGRS\b,FALSE
50,ORG,Others,ORPC,Ocean Renewable Power Company,Ocean Renewable Power Company|\bORPC\b,FALSE
49,ORG,Engineering,AMC,Aluminium Marine Consultants,Aluminium Marine Consultants|\bAMC\b,FALSE
49,ORG,ShipBuil,IOW,South Boats IOW Ltd,\b(South Boats )?IOW(:| Ltd:)?,FALSE
48,ORG,Equipment,SMD,Soil Machine Dynamics,Soil Machine Dynamics( Ltd)?|\bSMD\b,FALSE
48,ORG,PowerCo,IBERDROLA,IBERDROLA Group,(Fundaci\S+ )?IBERDROLA (RENOVABLES|Group|INGENI\S+)?,FALSE
48,ORG,Others,AW-Energy,AW-Energy,\bAW-Energy\b,FALSE
48,ORG,Civil,HOCHTIEF,HOCHTIEF Construction,HOCHTIEF( Construction)?,FALSE
47,ORG,Others,SeaRoc Group,SeaRoc Group,SeaRoc Group,FALSE
44,ORG,Others,BLG,BLG WindEnergy Logistics,BLG WindEnergy( Logistics)?|\bBLG\b,FALSE
44,ORG,Services,SMC,Specialist Marine Consultants,Specialist Marine Consultants|(Scaldis)? SMC('s)?,FALSE
43,ORG,PowerCo,ESB,Electricity Supply Board,Electricity Supply Board|\bESB\b,FALSE
42,ORG,Blade,GEV,GEV Wind Power,GEV Wind Power('s)?|\bGEV\b,FALSE
42,ORG,Services,LDA,Louis Dreyfus Armateurs,Louis Dreyfus ARMATEURS( Group)?( \(LDA\))?|\bLDA\b,TRUE
42,ORG,Consultant,Anbaric,Anbaric,Anbaric,FALSE
42,ORG,PowerCo,Red Rock Power Ltd.,Red Rock Power Ltd.,Red Rock Power Ltd.,FALSE
42,ORG,Services,3sun Group,3sun Group,3sun Group,FALSE
41,ORG,Others,SeaEnergy,Sea Energy Company,\bSeaEnergy\b,FALSE
40,ORG,Others,Reuters,Reuters,Reuters,FALSE
37,ORG,Others,NRG,Renewable NRG Systems,Renewable NRG( Systems)|\bNRG\b,FALSE
36,ORG,Engineering,Iceni Marine Services,Iceni Marine Services,Iceni Marine Services,FALSE
35,ORG,Consultant,OutSmart,OutSmart,\bOutSmart\b,FALSE
35,ORG,Engineering,Subsea 7 SA,Subsea 7 SA,Subsea 7 SA | Subsea 7,FALSE
34,ORG,System,Tideland,Tideland Singal,Tideland Signal|Tideland,FALSE
34,ORG,Equipment,KCI,KCI,KCI,FALSE
34,ORG,Turbine,XEMC,Xiangtan Electric Manufacturing Corporation,Xiangdian Wind Energy( \(XEMC\))?|Xiangtan Electric Manufacturing Corporation( Ltd)? |\bXEMC\b,FALSE
34,ORG,Consultant,BVG Associates,BVG Associates,BVG Associates,FALSE
34,ORG,Others,Siemens AG,Siemens AG,Siemens (AG|Industry),FALSE
33,ORG,Engineering,MMS,MMS Offshore Renewable Services Ltd,MMS Offshore|\bMMS\b,FALSE
33,ORG,Equipment,Hydro Group,Hydro Group,Hydro Group,FALSE
33,ORG,Training,Deutsche WindGuard,Deutsche WindGuard,Deutsche WindGuard,FALSE
33,ORG,Others,LR,Lloyd's Register,Lloyd's Register( \(LR\))?|\bLR\b,FALSE
32,ORG,Engineering,Oceanteam,Oceanteam,Oceanteam,FALSE
32,ORG,Engineering,OOS,OOS International,OOS International|\bOOS\b,FALSE
32,ORG,Services,Red7Marine,Red7Marine,Red7Marine,FALSE
31,ORG,Others,Blue Water Shipping,Blue Water Shipping,Blue Water Shipping,FALSE
30,ORG,Civil,MT Hojgaard,MT Hojgaard,MT Hojgaard|MT Hojgaard|\bMT\b,FALSE
29,ORG,Civil,BAM,BAM Nuttall,BAM Nuttall|\bBAM\b,FALSE
29,ORG,PowerCo,Northland Power Inc.,Northland Power Inc.,Northland Power Inc.,FALSE
29,ORG,Equipment,SKF,SKF,\bSKF\b,FALSE
28,ORG,Survey,Fugro EMU,Fugro EMU,Fugro EMU|\bEMU\b,FALSE
28,ORG,Equipment,Bosch Rexroth,Bosch Rexroth,Bosch Rexroth,FALSE
27,ORG,Services,TAG Energy Solutions,TAG Energy Solutions,TAG Energy Solutions,FALSE
27,ORG,Foundation,AMBAU,AMBAU,\bAMBAU\b,FALSE
26,ORG,Blade,Blade Dynamics,Blade Dynamics,Blade Dynamics,FALSE
25,ORG,Others,DTU Wind Energy,DTU Wind Energy,DTU Wind Energy,FALSE
25,ORG,Consultant,NOF Energy,NOF Energy,NOF Energy,FALSE
24,ORG,System,CPNL,CPNL,\bCPNL\b,FALSE
24,ORG,Consultant,Aqualis,AqualisBraemar,AqualisBraemar|Aqualis,FALSE
24,ORG,Services,NorSea,NorSea,NorSea,FALSE
23,ORG,Services,FoundOcean,FoundOcean,FoundOcean,FALSE
23,ORG,ShipBuil,Mitsubishi,Mitsubishi Heavy Industries,Mitsubishi Heavy Industries,FALSE
23,ORG,Developer,Nordsee One GmbH,Nordsee One GmbH,Nordsee One GmbH,FALSE
22,ORG,Equipment,Reef,Reef Subsea Power & Umbilical,Reef Subsea Power & Umbilical,FALSE
22,ORG,Chemical,Aubin,Aubin Group,\bAubin\b,FALSE
21,ORG,Chemical,BASF,BASF,\bBASF\b,FALSE
21,ORG,Equipment,Senergy,Senergy,Senergy,FALSE
20,ORG,Consultant,WSP,WSP,\bWSP\b,FALSE
20,ORG,Turbine,APQP4Wind,APQP4Wind,APQP4Wind,FALSE
20,ORG,Engineering,Hung Hua,Hung Hua Construction,Hung Hua( Construction)?( Co\. Ltd\.)?|\bHHC\b,FALSE
18,ORG,Developer,Polenergia,Polenergia,Polenergia,FALSE
18,ORG,Engineering,A&P Group,A&P Group,A&P Group,FALSE
18,ORG,System,Turner Iceni,Turner Iceni,Turner Iceni,FALSE
17,ORG,Engineering,Northern Offshore Services,Northern Offshore Services,Northern Offshore Services,FALSE
13,ORG,Services,AEG,Aeolus Energy Group,Aeolus Energy Group|\bAEG\b,FALSE
13,ORG,System,Falcon Global,Falcon Global,Falcon Global( LLC)?,FALSE
11,ORG,Turbine,GE Wind,GE Wind,GE Wind|Alstom Wind,FALSE
8,ORG,Services,Acteon,Acteon,\bActeon\b,FALSE
7,ORG,Engineering,Seaway Offshore,Seaway Offshore Cables,Seaway Offshore( Cables)?,FALSE
7,ORG,Equipment,Saab Seaeye,Saab Seaeye,Saab Seaeye,FALSE
4,ORG,Services,UTEC,UTEC,UTEC,FALSE
13480,COLLAB,NA,lead,lead,\blead\b|\bLead\b|\bleading\b|\bLeading\b|\bleads\b|\bLeads\b|\bled\b|\bLed\b|\bLED\b,FALSE
12191,COLLAB,NA,work,work,\bwork\b|\bWork\b|\bWORK\b|\bworked\b|\bworking\b|\bWorking\b|\bworks\b|\bWorks\b,FALSE
5616,COLLAB,NA,support,support,\bsupport\b|\bSupport\b|\bsupported\b|\bSupported\b|\bsupporting\b|\bSupporting\b|\bsupports\b|\bSupports\b,FALSE
5477,COLLAB,NA,include,include,\binclude\b|\bincluded\b|\bIncluded\b|\bincludes\b|\bincluding\b|\bIncluding\b,FALSE
1089,COLLAB,NA,consist,consist,\bconsist\b|\bconsisted\b|\bconsisting\b|\bconsists\b,FALSE
769,COMPETITION,NA,compare,compare,\bcompare\b|\bcompared\b|\bCompared\b|\bcompares\b|\bcomparing\b|\bComparing\b,FALSE
43864,CONTRACT,NA,win,win,\bwin\b|\bWin\b|\bWIN\b|\bwinding\b|\bwinning\b|\bWinning\b|\bwins\b|\bwon\b,FALSE
11969,CONTRACT,NA,install,install,\binstall\b|\bInstall\b|\binstalled\b|\bInstalled\b|\bINSTALLED\b|\binstalling\b|\bInstalling\b|\binstalls\b,FALSE
10212,CONTRACT,NA,use,use,\buse\b|\bUse\b|\bused\b|\bUsed\b|\buses\b|\bUses\b|\busing\b|\bUsing\b,FALSE
10130,CONTRACT,NA,sign,sign,\bsign\b|\bSign\b|\bsigned\b|\bSigned\b|\bSIGNED\b|\bsigning\b|\bSigning\b|\bsigns\b,FALSE
6439,CONTRACT,NA,provide,provide,\bprovide\b|\bProvide\b|\bprovided\b|\bProvided\b|\bprovides\b|\bProvides\b|\bproviding\b|\bProviding\b,FALSE
5137,CONTRACT,NA,contract,contract,\bcontract\b|\bContract\b|\bCONTRACT\b|\bcontracted\b|\bContracted\b|\bcontracting\b|\bContracting\b|\bcontracts\b|\bContracts\b|\bCONTRACTS\b,FALSE
2654,CONTRACT,NA,manufacture,manufacture,\bmanufacture\b|\bManufacture\b|\bmanufactured\b|\bManufactured\b|\bmanufactures\b|\bmanufacturing\b|\bManufacturing\b,FALSE
1918,CONTRACT,NA,award,award,\baward\b|\bAward\b|\bawarded\b|\bAwarded\b|\bAWARDED\b|\bawarding\b|\bawards\b|\bAwards\b,FALSE
1339,CONTRACT,NA,comprise,comprise,\bcomprise\b|\bcomprised\b|\bComprised\b|\bcomprises\b|\bcomprising\b,FALSE
930,CONTRACT,NA,select,select,\bselect\b|\bSelect\b|\bSELECT\b|\bselected\b|\bSelected\b|\bselecting\b|\bSelecting\b|\bselects\b,FALSE
633,CONTRACT,NA,submit,submit,\bsubmit\b|\bsubmits\b|\bsubmitted\b|\bSubmitted\b|\bsubmitting\b,FALSE
616,CONTRACT,NA,confirm,confirm,\bconfirm\b|\bCONFIRM\b|\bconfirmed\b|\bConfirmed\b|\bconfirming\b|\bConfirming\b|\bconfirms\b,FALSE
12434,NO,NA,say,say,\bsaid\b|\bsay\b|\bsaying\b|\bsays\b|\bSays\b,FALSE
4157,NO,NA,make,make,\bmade\b|\bMade\b|\bmake\b|\bMake\b|\bMAKE\b|\bmakes\b|\bMakes\b|\bmaking\b|\bMaking\b,FALSE
3136,NO,NA,see,see,\bsaw\b|\bsee\b|\bSee\b|\bseed\b|\bseeing\b|\bSeeing\b|\bseeking\b|\bseeming\b|\bseen\b|\bsees\b|\bSEES\b,FALSE
3064,NO,NA,increase,increase,\bincrease\b|\bIncrease\b|\bincreased\b|\bIncreased\b|\bincreases\b|\bIncreases\b|\bINCREASES\b|\bincreasing\b|\bIncreasing\b,FALSE
2487,NO,NA,reduce,reduce,\breduce\b|\bReduce\b|\breduced\b|\bReduced\b|\breduces\b|\bReduces\b|\breducing\b|\bReducing \b,FALSE
1935,NO,NA,look,look,\blook\b|\bLook\b|\blooked\b|\blooking\b|\bLooking\b|\blooks\b|\bLOOKS\b,FALSE
134722,VERB,NA,be,be,\b'm\b|\b're\b|\b's\b|\b'S\b|\b’m\b|\b’s\b|\b`s\b|\bai\b|\bAI\b|\bam\b|\bAM\b|\bAR\b|\bare\b|\bAre\b|\bARE\b|\bbe\b|\bBe\b|\bBE\b|\bbed\b|\bbeen\b|\bbeing\b|\bBeing\b|\bBIS\b|\bis\b|\bIs\b|\bIS\b|\bm\b|\bM\b|\br\b|\bR\b|\bre\b|\bRE\b|\bs\b|\bS\b|\bwas\b|\bWas\b|\bwere\b,FALSE
132466,VERB,NA,a,a,\ba\b|\bA\b|\baged\b|\baging\b|\ban\b|\bAn\b|\bas\b|\bAS\b,FALSE
127954,VERB,NA,not,not,\bn\b|\bn't\b|\bn’t\b|\bnot\b|\bNot\b|\bnoted\b|\bnotes\b|\bNotes\b|\bnoting\b|\bnt\b|\bNT\b,FALSE
105841,VERB,NA,have,have,\b've\b|\b’ve\b|\b`s\b|\bas\b|\bAS\b|\bhad\b|\bHad\b|\bhas\b|\bHas\b|\bHAV\b|\bhave\b|\bHave\b|\bhaven\b|\bhaves\b|\bhaving\b|\bHaving\b|\bv\b|\bV\b,FALSE
103070,VERB,NA,benefit,benefit,\bb\b|\bB\b|\bbenefit\b|\bBenefit\b|\bbenefited\b|\bbenefiting\b|\bBenefiting\b|\bbenefits\b|\bBenefits\b|\bbenefitted\b|\bbenefitting\b,FALSE
88704,VERB,NA,en,en,\ben\b|\bended\b|\bending\b,FALSE
54138,VERB,NA,for,for,\bFO\b|\bfor\b|\bFor\b|\bFOr\b|\bFOR\b|\bforged\b|\bforging\b|\bformed\b|\bforming\b|\bfro\b,FALSE
40141,VERB,NA,wind,wind,\bwind\b|\bWind\b|\bWinD\b|\bWINd\b|\bWIND\b|\bwinds\b|\bWinds\b|\bWinDS\b,FALSE
38896,NO,NA,know,know,\bknew\b|\bknow\b|\bknowing\b|\bKnowing\b|\bknown\b|\bKnown\b|\bknows\b|\bnew\b|\bNew\b|\bno\b,FALSE
32507,VERB,NA,shore,shore,\bshore\b|\bShore\b|\bSHORE\b|\bshores\b|\bshoring\b|\bshorten\b,FALSE
31561,VERB,NA,do,do,\bdid\b|\bDid\b|\bdo\b|\bDo\b|\bdoes\b|\bDoes\b|\bdoing\b|\bDoing\b|\bdone\b|\bDone\b|\bDOS\b|\bdu\b,FALSE
30543,VERB,NA,offshore,offshore,\boffshore\b|\boFFSHORE\b|\bOffshore\b|\bOffshoRe\b|\bOFFSHORE\b|\boffshores\b,FALSE
23574,VERB,NA,that,that,\bdat\b|\bDat\b|\bthat\b|\bThat\b,FALSE
18357,VERB,NA,project,project,\bproject\b|\bProject\b|\bPROJECT\b|\bprojected\b|\bProjected\b|\bprojects\b|\bProjects\b|\bPROJECTS\b,FALSE
17265,VERB,NA,owe,owe,\bowe\b|\bowed\b|\bowes\b|\bowing\b,FALSE
16040,VERB,NA,act,act,\bact\b|\bAct\b|\bACT\b|\bacted\b|\bacting\b|\bActing\b|\bacts\b|\bActs\b,FALSE
15729,VERB,NA,run,run,\bran\b|\brun\b|\bRun\b|\brunned\b|\brunning\b|\bRunning\b|\bruns\b,FALSE
14838,VERB,NA,sea,sea,\bsea\b|\bSea\b|\bSEA\b|\bseabed\b|\bseas\b,FALSE
14697,VERB,NA,farm,farm,\bfarm\b|\bFarm\b|\bFARm\b|\bFARM\b|\bfarming\b|\bfarms\b,FALSE
14225,VERB,NA,turbine,turbine,\bturbine\b|\bTURBINE\b|\bturbines\b,FALSE
13779,VERB,NA,sit,sit,\bsat\b|\bsit\b|\bSIT\b|\bsited\b|\bsites\b|\bsiting\b|\bsits\b|\bsitting\b|\bSitting\b,FALSE
13407,VERB,NA,develop,develop,\bdevelop\b|\bDevelop\b|\bdeveloped\b|\bDeveloped\b|\bdeveloping\b|\bDeveloping\b|\bdevelops\b,FALSE
12967,VERB,NA,sell,sell,\bsel\b|\bSEL\b|\bsell\b|\bselling\b|\bsells\b|\bsold\b,FALSE
11580,VERB,NA,aid,aid,\baid\b|\bAid\b|\baided\b|\baiding\b|\baids\b,FALSE
11088,VERB,NA,power,power,\bpower\b|\bPower\b|\bPowER\b|\bPOWER\b|\bpowered\b|\bpowering\b|\bpowers\b|\bPowers\b|\bPOWERS\b,FALSE
10874,VERB,NA,rate,rate,\brate\b|\bRate\b|\brated\b|\bRated\b|\brates\b|\brating\b,FALSE
8699,VERB,NA,form,form,\bform\b|\bForm\b|\bformed\b|\bFormed\b|\bforming\b|\bForming\b|\bforms\b,FALSE
8396,VERB,NA,end,end,\bend\b|\bEnd\b|\bended\b|\bending\b|\bEnding\b|\bends\b,FALSE
8199,VERB,NA,try,try,\btried\b|\btry\b|\bTry\b|\btrying\b,FALSE
8069,VERB,NA,go,go,\bgo\b|\bGo\b|\bGO\b|\bgoes\b|\bgoing\b|\bGoing\b|\bgone\b|\bwent\b,FALSE
7501,VERB,NA,renewable,renewable,\brenewable\b|\bRenewable\b|\bRENEWABLE\b|\brenewables\b,FALSE
7445,VERB,NA,meet,meet,\bmeet\b|\bMeet\b|\bmeeting\b|\bMeeting\b|\bmeets\b|\bmet\b|\bMet\b,FALSE
7223,VERB,NA,cable,cable,\bcable\b|\bcabled\b|\bcables\b,FALSE
7165,VERB,NA,mark,mark,\bmark\b|\bMark\b|\bmarked\b|\bmarking\b|\bMarking\b|\bmarks\b,FALSE
7162,VERB,NA,industry,industry,\bindustries\b|\bindustry\b|\bIndustry\b,FALSE
6415,CONTRACT,NA,design,design,\bdesign\b|\bDesign\b|\bdesigned\b|\bDesigned\b|\bdesigning\b|\bdesigns\b|\bDesigns\b,FALSE
6021,VERB,NA,elect,elect,\belect\b|\bElect\b|\belected\b|\bElected\b,FALSE
5855,VERB,NA,met,met,\bmet\b|\bMet\b|\bMET\b,FALSE
5799,VERB,NA,rent,rent,\brent\b|\bRent\b|\brented\b|\brenting\b,FALSE
5735,VERB,NA,plan,plan,\bplan\b|\bPlan\b|\bplaned\b|\bplanned\b|\bPlanned\b|\bplanning\b|\bPlanning\b|\bplans\b|\bPlans\b|\bplanted\b,FALSE
5630,VERB,NA,site,site,\bsite\b|\bSite\b|\bSITE\b|\bsited\b|\bsites\b|\bSites\b|\bsiting\b,FALSE
5549,CONTRACT,NA,construct,construct,\bconstruct\b|\bconstructed\b|\bconstructing\b|\bConstructing\b|\bconstructs\b,FALSE
5444,VERB,NA,test,test,\btest\b|\bTest\b|\btested\b|\bTested\b|\btesting\b|\btests\b|\bTests\b,FALSE
5443,VERB,NA,find,find,\bfind\b|\bFind\b|\bFIND\b|\bfinding\b|\bFinding\b|\bfinds\b|\bfound\b|\bFound\b,FALSE
5360,VERB,NA,service,service,\bservice\b|\bService\b|\bserviced\b|\bservices\b|\bServices\b|\bservicing\b,FALSE
5258,NO,NA,cost,cost,\bcost\b|\bCost\b|\bCOST\b|\bcosted\b|\bcosting\b|\bcosts\b|\bCosts\b,FALSE
5059,VERB,NA,lie,lie,\blie\b|\blies\b|\bLies\b|\blying\b,FALSE
5050,VERB,NA,own,own,\bown\b|\bOwn\b|\bowned\b|\bOwned\b|\bowning\b|\bOwning\b|\bowns\b,FALSE
4953,COLLAB,NA,build,build,\bbuild\b|\bBuild\b|\bBUILD\b|\bbuilding\b|\bBuilding\b|\bbuilds\b|\bbuilt\b|\bBuilt\b,FALSE
4856,VERB,NA,ship,ship,\bship\b|\bShip\b|\bshipped\b|\bshipping\b|\bShipping\b|\bships\b|\bShips\b,FALSE
4713,VERB,NA,found,found,\bfound\b|\bFound\b|\bfounded\b|\bFounded\b,FALSE
4664,VERB,NA,take,take,\btake\b|\bTake\b|\btaken\b|\bTaken\b|\btakes\b|\btaking\b|\bTaking\b|\btook\b,FALSE
4608,VERB,NA,invest,invest,\binvest\b|\bInvest\b|\bInVEST\b|\binvested\b|\binvesting\b|\binvests\b,FALSE
4554,VERB,NA,add,add,\badd\b|\bAdd\b|\bADD\b|\badded\b|\bAdded\b|\badding\b|\bAdding\b|\badds\b|\bADDs\b,FALSE
4550,VERB,NA,live,live,\blive\b|\bLive\b|\blived\b|\blives\b|\bliving\b|\bLiving\b,FALSE
4524,VERB,NA,connect,connect,\bconnect\b|\bconnected\b|\bConnected\b|\bconnecting\b|\bconnects\b,FALSE
4453,VERB,NA,direct,direct,\bdirect\b|\bDirect\b|\bdirected\b|\bDirected\b|\bdirecting\b|\bdirects\b,FALSE
4359,NO,NA,expect,expect,\bexpect\b|\bexpected\b|\bExpected\b|\bexpecting\b|\bExpecting\b|\bexpects\b,FALSE
4254,VERB,NA,source,source,\bsource\b|\bSource\b|\bsourced\b|\bSourced\b|\bsources\b|\bSources\b|\bsourcing\b,FALSE
4253,VERB,NA,base,base,\bbase\b|\bBase\b|\bBASE\b|\bbased\b|\bBased\b|\bbases\b|\bbasing\b,FALSE
4094,VERB,NA,come,come,\bcame\b|\bcome\b|\bCome\b|\bCOME\b|\bcomes\b|\bcoming\b|\bComing\b,FALSE
3932,CONTRACT,NA,deliver,deliver,\bdeliver\b|\bDeliver\b|\bdelivered\b|\bDelivered\b|\bdelivering\b|\bDelivering\b|\bdelivers\b,FALSE
3918,VERB,NA,installed,installed,\binstalled\b|\bInstalled\b,FALSE
3868,NO,NA,get,get,\bget\b|\bGet\b|\bGET\b|\bgets\b|\bgetting\b|\bGetting\b|\bgot\b|\bgotten\b,FALSE
3782,CONTRACT,NA,supply,supply,\bsupplied\b|\bSupplied\b|\bsupplies\b|\bsupply\b|\bSupply\b|\bSUPPLY\b|\bsupplying\b,FALSE
3618,VERB,NA,marine,marine,\bmarine\b|\bmarines\b,FALSE
3584,VERB,NA,send,send,\bsend\b|\bsending\b|\bsends\b|\bsent\b,FALSE
3573,VERB,NA,set,set,\bset\b|\bSet\b|\bSET\b|\bsets\b|\bsetting\b|\bSetting\b,FALSE
3502,VERB,NA,state,state,\bstate\b|\bState\b|\bstated\b|\bstates\b|\bstating\b,FALSE
3484,VERB,NA,grid,grid,\bgrid\b|\bGRID\b|\bgrids\b,FALSE
3461,VERB,NA,lease,lease,\blease\b|\bLease\b|\bleased\b|\bleases\b|\bleasing\b,FALSE
3408,VERB,NA,leave,leave,\blead\b|\bleave\b|\bLeave\b|\bleaves\b|\bleaving\b|\bLeaving\b|\bleft\b|\bLeft\b,FALSE
3318,VERB,NA,complete,complete,\bcomplete\b|\bComplete\b|\bcompleted\b|\bCompleted\b|\bcompletes\b|\bcompleting\b|\bCompleting\b,FALSE
3311,COLLAB,NA,manage,manage,\bmanage\b|\bmanaged\b|\bManaged\b|\bmanages\b|\bmanaging\b|\bManaging\b,FALSE
3311,VERB,NA,need,need,\bneed\b|\bNeed\b|\bneeded\b|\bNeeded\b|\bneeding\b|\bneeds\b|\bNeeds\b,FALSE
3219,VERB,NA,engineer,engineer,\bengineer\b|\bEngineer\b|\bengineered\b|\bengineering\b|\bEngineering\b|\bengineers\b|\bEngineers\b,FALSE
3207,VERB,NA,line,line,\bline\b|\bLine\b|\blined\b|\blines\b|\bLines\b|\blining\b,FALSE
3187,VERB,NA,structure,structure,\bstructure\b|\bStructure\b|\bstructured\b|\bstructures\b|\bStructures\b|\bstructuring\b|\bStructuring\b,FALSE
3146,VERB,NA,partner,partner,\bpartner\b|\bPartner\b|\bPARTNER\b|\bpartnered\b|\bpartnering\b|\bpartners\b|\bPartners\b|\bPARTNERS\b,FALSE
3140,VERB,NA,stand,stand,\bstand\b|\bStand\b|\bstanding\b|\bStanding\b|\bstands\b|\bstood\b,FALSE
3098,VERB,NA,wave,wave,\bwave\b|\bWave\b|\bWAVE\b|\bwaves\b|\bwaving\b,FALSE
3095,CONTRACT,NA,require,require,\brequire\b|\brequired\b|\bRequired\b|\brequires\b|\brequiring\b|\bRequiring\b,FALSE
3077,VERB,NA,commission,commission,\bcommission\b|\bCommission\b|\bcommissioned\b|\bCommissioned\b|\bcommissioning\b|\bcommissionning\b|\bcommissions\b,FALSE
3012,VERB,NA,lay,lay,\blaid\b|\blay\b|\bLay\b|\blayed\b|\blaying\b|\bLaying\b|\blays\b,FALSE
2985,VERB,NA,platform,platform,\bplatform\b|\bPlatform\b|\bPLATFORM\b|\bplatforms\b|\bPlatforms\b,FALSE
2941,VERB,NA,further,further,\bfurther\b|\bFurther\b|\bFURTHER\b|\bfurthered\b|\bfurthering\b|\bfurthers\b,FALSE
2935,VERB,NA,prove,prove,\bprove\b|\bproved\b|\bproven\b|\bProven\b|\bproves\b|\bproving\b,FALSE
2840,VERB,NA,grow,grow,\bgrew\b|\bgrow\b|\bGrow\b|\bGROW\b|\bgrowing\b|\bGrowing\b|\bgrown\b|\bgrows\b,FALSE
2830,COLLAB,NA,operate,operate,\boperate\b|\bOperate\b|\boperated\b|\bOperated\b|\boperates\b|\boperating\b|\bOperating\b,FALSE
2810,VERB,NA,start,start,\bstart\b|\bStart\b|\bstarted\b|\bStarted\b|\bstarting\b|\bStarting\b|\bstarts\b,FALSE
2808,VERB,NA,opt,opt,\bopt\b|\bOPT\b|\bopted\b|\bopts\b,FALSE
2775,VERB,NA,place,place,\bplace\b|\bPlace\b|\bplaced\b|\bplaces\b|\bPlaces\b|\bplacing\b|\bPlacing\b,FALSE
2761,VERB,NA,fit,fit,\bfit\b|\bFit\b|\bFiT\b|\bFIT\b|\bfits\b|\bFiTs\b|\bFITs\b|\bfitted\b|\bfitting\b|\bFitting\b,FALSE
2752,VERB,NA,fight,fight,\bfight\b|\bfighting\b|\bFighting\b|\bfit\b|\bfought\b,FALSE
2695,VERB,NA,float,float,\bfloat\b|\bFloat\b|\bfloated\b|\bfloating\b|\bFloating\b|\bFLOating\b|\bfloats\b,FALSE
2635,VERB,NA,accord,accord,\baccord\b|\bAccord\b|\baccorded\b|\baccording\b|\bAccording\b,FALSE
2593,NO,NA,help,help,\bhelp\b|\bHelp\b|\bhelped\b|\bhelping\b|\bHelping\b|\bhelps\b,FALSE
2578,VERB,NA,working,working,\bworking\b,FALSE
2569,VERB,NA,allow,allow,\ballow\b|\bAllow\b|\ballowed\b|\ballowes\b|\ballowing\b|\bAllowing\b|\ballows\b|\bAllows\b,FALSE
2520,VERB,NA,locate,locate,\blocate\b|\blocated\b|\bLocated\b|\blocating\b,FALSE
2492,VERB,NA,report,report,\breport\b|\bReport\b|\bREPORT\b|\breported\b|\breporting\b|\bReporting\b|\breports\b|\bReports\b,FALSE
2484,VERB,NA,hold,hold,\bheld\b|\bHeld\b|\bhold\b|\bHold\b|\bholding\b|\bHolding\b|\bholds\b,FALSE
2471,VERB,NA,jack,jack,\bjack\b|\bJack\b|\bJACK\b|\bjacked\b|\bjacking\b|\bjacks\b,FALSE
2462,VERB,NA,commissione,commissione,\bcommissioned\b|\bcommissioning\b,FALSE
2415,CONTRACT,NA,train,train,\btrain\b|\bTrain\b|\btrained\b|\bTrained\b|\btraining\b|\btrains\b,FALSE
2414,VERB,NA,call,call,\bcall\b|\bCall\b|\bcalled\b|\bCalled\b|\bcalling\b|\bcalls\b,FALSE
2385,VERB,NA,equip,equip,\bequip\b|\bequiped\b|\bequipped\b|\bEquipped\b|\bequipping\b|\bequips\b,FALSE
2381,VERB,NA,enginee,enginee,\bengineering\b|\bEngineering\b,FALSE
2381,VERB,NA,engineering,engineering,\bengineering\b|\bEngineering\b,FALSE
2377,VERB,NA,tow,tow,\btow\b|\bTow\b|\bTOW\b|\btowed\b|\btowing\b,FALSE
2347,VERB,NA,total,total,\btotal\b|\bTotal\b|\bTOTAL\b|\btotaled\b|\btotaling\b|\btotalled\b|\btotalling\b|\btotals\b,FALSE
2310,VERB,NA,team,team,\bteam\b|\bTeam\b|\bTEAM\b|\bteamed\b|\bteaming\b|\bteams\b|\bTeams\b,FALSE
2269,VERB,NA,last,last,\blast\b|\bLast\b|\bLAST\b|\blasted\b|\blasting\b|\bLasting\b|\blasts\b,FALSE
2247,CONTRACT,NA,present,present,\bpresent\b|\bPresent\b|\bpresented\b|\bPresented\b|\bPRESENTED\b|\bpresenting\b|\bPresenting\b|\bpresents\b|\bPresents\b,FALSE
2239,VERB,NA,floating,floating,\bfloating\b|\bFloating\b|\bFLoating\b,FALSE
2229,NO,NA,continue,continue,\bcontinue\b|\bcontinued\b|\bContinued\b|\bcontinues\b|\bcontinuing\b|\bContinuing\b,FALSE
2227,CONTRACT,NA,deploy,deploy,\bdeploy\b|\bdeployed\b|\bDeployed\b|\bdeploying\b|\bdeploys\b,FALSE
2222,VERB,NA,lose,lose,\blose\b|\bLose\b|\bloses\b|\blosing\b|\bloss\b|\blost\b|\bLost\b,FALSE
2222,CONTRACT,NA,offer,offer,\boffer\b|\bOffer\b|\boffered\b|\bOffered\b|\boffering\b|\bOffering\b|\boffers \b,FALSE
2222,COLLAB,NA,fund,fund,\bfund\b|\bFund\b|\bfunded\b|\bFunded\b|\bfunding\b|\bFunding\b|\bfunds\b|\bFunds\b,FALSE
2160,VERB,NA,experience,experience,\bexperience\b|\bExperience\b|\bexperienced\b|\bExperienced\b|\bexperiences\b|\bExperiences\b|\bexperiencing\b|\bExperiencing\b,FALSE
2119,CONTRACT,NA,order,order,\border\b|\bOrder\b|\bordered\b|\bOrdered\b|\bordering\b|\borders\b|\bOrders\b,FALSE
2115,VERB,NA,schedule,schedule,\bschedule\b|\bSCHEDULE\b|\bscheduled\b|\bScheduled\b|\bschedules\b|\bscheduling\b,FALSE
2113,VERB,NA,perform,perform,\bperform\b|\bperformed\b|\bPerformed\b|\bperforming\b|\bPerforming\b|\bperforms\b,FALSE
2112,VERB,NA,release,release,\brelease\b|\bRelease\b|\breleased\b|\breleases\b|\breleasing\b,FALSE
2081,VERB,NA,follow,follow,\bfollow\b|\bFollow\b|\bfollowed\b|\bFollowed\b|\bfollowing\b|\bFollowing\b|\bfollows\b,FALSE
2074,VERB,NA,hang,hang,\bhang\b|\bHang\b|\bhanging\b|\bHanging\b|\bhangs\b|\bHung\b,FALSE
2066,VERB,NA,join,join,\bjoin\b|\bJoin\b|\bjoined\b|\bJoined\b|\bjoining\b|\bJoining\b|\bjoins\b|\bjointed\b|\bjointing\b,FALSE
2010,VERB,NA,result,result,\bresult\b|\bResult\b|\bresulted\b|\bresulting\b|\bResulting\b|\bresults\b|\bResults\b|\bRESULTS\b,FALSE
2001,VERB,NA,generate,generate,\bgenerate\b|\bGenerate\b|\bgenerated\b|\bgenerates\b|\bGenerates\b|\bgenerating\b|\bGenerating\b,FALSE
1966,VERB,NA,head,head,\bhead\b|\bHead\b|\bheaded\b|\bHeaded\b|\bheading\b|\bHeading\b|\bheads\b|\bHeads\b,FALSE
1959,VERB,NA,range,range,\brange\b|\bRange\b|\branged\b|\branges\b|\branging\b|\bRanging\b,FALSE
1945,VERB,NA,enter,enter,\benter\b|\bEnter\b|\bentered\b|\bentering\b|\bEntering\b|\benters\b,FALSE
1930,VERB,NA,buil,buil,\bbuilt\b,FALSE
1927,COLLAB,NA,carry,carry,\bcarried\b|\bCarried\b|\bcarries\b|\bcarry\b|\bcarrying\b|\bCarrying\b,FALSE
1925,VERB,NA,metre,metre,\bmetre\b|\bmetres\b,FALSE
1923,VERB,NA,drive,drive,\bdrive\b|\bDrive\b|\bdriven\b|\bDriven\b|\bdrives\b|\bDrives\b|\bdriving\b|\bDriving\b|\bdrove\b,FALSE
1918,VERB,NA,enable,enable,\benable\b|\benabled\b|\bEnabled\b|\benables\b|\benabling\b|\bEnabling\b,FALSE
1907,VERB,NA,completed,completed,\bcompleted\b,FALSE
1899,VERB,NA,date,date,\bdate\b|\bDate\b|\bdated\b|\bdates\b|\bDates\b|\bdating\b,FALSE
1862,VERB,NA,cut,cut,\bcut\b|\bCut\b|\bcutes\b|\bcuts\b|\bcutting\b|\bCutting\b,FALSE
1861,VERB,NA,transport,transport,\btransport\b|\bTransport\b|\btransported\b|\bTransported\b|\btransporting\b|\btransports\b,FALSE
1858,VERB,NA,put,put,\bput\b|\bPut\b|\bputs\b|\bputting\b|\bPutting\b,FALSE
1849,VERB,NA,ensure,ensure,\bensure\b|\bEnsure\b|\bENSURE\b|\bensured\b|\bensures\b|\bensuring\b|\bEnsuring\b,FALSE
1838,NO,NA,agree,agree,\bagree\b|\bagreed\b|\bAGREED\b|\bagreeing\b|\bAgreeing\b|\bagrees\b,FALSE
1833,VERB,NA,blade,blade,\bblade\b|\bblades\b,FALSE
1793,VERB,NA,load,load,\bload\b|\bLoad\b|\bLOAD\b|\bloaded\b|\bloading\b|\bLoading\b|\bloads\b|\bLoads\b,FALSE
1758,NO,NA,announce,announce,\bannounce\b|\bannounced\b|\bAnnounced\b|\bannounces\b|\bannouncing\b|\bAnnouncing\b,FALSE
1743,VERB,NA,position,position,\bposition\b|\bPosition\b|\bpositioned\b|\bPositioned\b|\bpositioning\b|\bpositions\b,FALSE
1719,VERB,NA,aim,aim,\baim\b|\bAim\b|\bAIM\b|\baimed\b|\bAimed\b|\baiming\b|\bAiming\b|\baims\b|\bAims\b,FALSE
1718,VERB,NA,create,create,\bcreate\b|\bCreate\b|\bcreated\b|\bCreated\b|\bcreates\b|\bcreating\b|\bCreating\b,FALSE
1710,VERB,NA,close,close,\bclose\b|\bClose\b|\bCLOSE\b|\bclosed\b|\bClosed\b|\bcloses\b|\bclosing\b|\bClosing\b,FALSE
1701,VERB,NA,array,array,\barray\b|\bArray\b|\barrays\b,FALSE
1698,VERB,NA,change,change,\bchange\b|\bChange\b|\bCHANGE\b|\bchanged\b|\bChanged\b|\bchanges\b|\bChanges\b|\bchanging\b,FALSE
1682,VERB,NA,scheduled,scheduled,\bscheduled\b,FALSE
1681,VERB,NA,transfer,transfer,\btransfer\b|\bTransfer\b|\btransferred\b|\btransferring\b|\bTransferring\b|\btransfers\b|\bTransfers\b,FALSE
1650,VERB,NA,fall,fall,\bfall\b|\bFall\b|\bfallen\b|\bfalling\b|\bFalling\b|\bfalls\b|\bfell\b,FALSE
1618,NO,NA,begin,begin,\bbegan\b|\bbegin\b|\bbeginning\b|\bBeginning\b|\bbegins\b|\bbegun\b,FALSE
1597,VERB,NA,access,access,\baccess\b|\bAccess\b|\baccessed\b|\baccessing\b|\bAccessing\b,FALSE
1582,COLLAB,NA,cover,cover,\bcover\b|\bcovered\b|\bCovered\b|\bcovering\b|\bCovering\b|\bcovers\b,FALSE
1577,CONTRACT,NA,produce,produce,\bproduce\b|\bProduce\b|\bproduced\b|\bproduces\b|\bProduces\b|\bproducing\b|\bProducing\b,FALSE
1576,VERB,NA,survey,survey,\bsurvey\b|\bsurveyed\b|\bsurveying\b|\bsurveys\b,FALSE
1575,NO,NA,improve,improve,\bimprove\b|\bImprove\b|\bimproved\b|\bImproved\b|\bimproves\b|\bimproving\b|\bImproving\b,FALSE
1540,VERB,NA,leg,leg,\bleg\b|\bLeg\b|\blegged\b|\blegs\b|\bLegs\b,FALSE
1538,VERB,NA,lift,lift,\blift\b|\bLift\b|\blifted\b|\bLifted\b|\blifting\b|\bLifting\b|\blifts\b,FALSE
1534,VERB,NA,wide,wide,\bwide\b|\bWide\b|\bwiden\b|\bwidened\b|\bwidening\b,FALSE
1527,VERB,NA,bring,bring,\bbring\b|\bbringing\b|\bBringing\b|\bbrings\b|\bbrought\b,FALSE
1520,VERB,NA,move,move,\bmove\b|\bMove\b|\bMOVE\b|\bmoved\b|\bmoves\b|\bmoving\b|\bMoving\b,FALSE
1513,VERB,NA,control,control,\bcontrol\b|\bControl\b|\bcontrolled\b|\bControlled\b|\bcontrolling\b|\bControlling\b|\bcontrols\b|\bControls\b,FALSE
1512,VERB,NA,measure,measure,\bmeasure\b|\bmeasured\b|\bMeasured\b|\bmeasures\b|\bMeasures\b|\bmeasuring\b,FALSE
1511,VERB,NA,leading,leading,\bleading\b|\bLeading\b,FALSE
1493,VERB,NA,focus,focus,\bfocus\b|\bFocus\b|\bfocused\b|\bFocused\b|\bfocuses\b|\bfocusing\b|\bFocusing\b,FALSE
1482,VERB,NA,assess,assess,\bassess\b|\bAssess\b|\bassessed\b|\bassesses\b|\bassessing\b|\bAssessing\b,FALSE
1479,VERB,NA,near,near,\bnear\b|\bNear\b|\bnearing\b|\bnears\b,FALSE
1472,VERB,NA,joint,joint,\bjoint\b|\bJoint\b|\bjoints\b,FALSE
1468,VERB,NA,open,open,\bopen\b|\bOpen\b|\bOPEN\b|\bopened\b|\bOpened\b|\bopening\b|\bOpening\b|\bopens\b,FALSE
1458,VERB,NA,exist,exist,\bexist\b|\bexisted\b|\bexisting\b|\bExisting\b|\bexists\b,FALSE
1448,VERB,NA,like,like,\blike\b|\bLike\b|\blikening\b|\blikes\b,FALSE
1442,VERB,NA,commissioning,commissioning,\bcommissioning\b,FALSE
1436,VERB,NA,yard,yard,\byard\b|\bYard\b|\byards\b,FALSE
1436,NO,NA,show,show,\bshow\b|\bShow\b|\bshowed\b|\bshowing\b|\bShowing\b|\bshown\b|\bshows\b,FALSE
1426,VERB,NA,link,link,\blink\b|\bLink\b|\bLINK\b|\blinked\b|\blinking\b|\blinks\b|\bLinks\b,FALSE
1423,VERB,NA,trial,trial,\btrial\b|\btrialed\b|\btrialing\b|\btrialled\b|\btrialling\b|\btrials\b,FALSE
1422,VERB,NA,step,step,\bstep\b|\bStep\b|\bstepped\b|\bstepping\b|\bsteps\b,FALSE
1385,VERB,NA,training,training,\btraining\b|\btrainings\b,FALSE
1368,VERB,NA,building,building,\bbuilding\b|\bBuilding\b|\bbuildings\b|\bBuildings\b,FALSE
1363,VERB,NA,achieve,achieve,\bachieve\b|\bachieved\b|\bAchieved\b|\bachieves\b|\bachieving\b|\bAchieving\b,FALSE
1354,VERB,NA,inform,inform,\binform\b|\binformed\b|\binforming\b|\binforms\b,FALSE
1350,VERB,NA,give,give,\bgave\b|\bgive\b|\bGive\b|\bgiven\b|\bGiven\b|\bgives\b|\bGives\b|\bgiving\b|\bGiving\b,FALSE
1350,VERB,NA,house,house,\bhouse\b|\bHouse\b|\bhoused\b|\bHoused\b|\bhouses\b|\bHouses\b|\bhousing\b|\bHousing\b,FALSE
1332,VERB,NA,export,export,\bexport\b|\bExport\b|\bexported\b|\bexporting\b|\bexports\b,FALSE
1330,COLLAB,NA,involve,involve,\binvolve\b|\binvolved\b|\binvolves\b|\binvolving\b,FALSE
1326,VERB,NA,establish,establish,\bestablish\b|\bestablished\b|\bEstablished\b|\bestablishes\b|\bestablishing\b|\bEstablishing\b,FALSE
1319,VERB,NA,back,back,\bback\b|\bBack\b|\bbacked\b|\bBacked\b|\bbacking\b|\bbacks\b,FALSE
1315,VERB,NA,advance,advance,\badvance\b|\bAdvance\b|\badvanced\b|\badvances\b|\bAdvances\b|\badvancing\b,FALSE
1314,NO,NA,share,share,\bshare\b|\bShare\b|\bshared\b|\bShared\b|\bshares\b|\bShares\b|\bsharing\b|\bSharing\b|\bshear\b,FALSE
1304,VERB,NA,feed,feed,\bfed\b|\bFed\b|\bfeed\b|\bFeed\b|\bFEED\b|\bfeeding\b|\bfeeds\b,FALSE
1302,VERB,NA,gain,gain,\bgain\b|\bgained\b|\bgaining\b|\bGaining\b|\bgains\b,FALSE
1301,VERB,NA,subsea,subsea,\bsubsea\b|\bsubseabed\b,FALSE
1285,VERB,NA,become,become,\bbecame\b|\bbecome\b|\bBecome\b|\bbecomes\b|\bbecoming\b|\bBecoming\b,FALSE
1275,VERB,NA,feature,feature,\bfeature\b|\bFeature\b|\bfeatured\b|\bFeatured\b|\bfeatures\b|\bFeatures\b|\bfeaturing\b|\bFeaturing\b,FALSE
1274,VERB,NA,crane,crane,\bcrane\b|\bcranes\b,FALSE
1263,VERB,NA,transit,transit,\btransit\b|\bTransit\b|\btransited\b|\btransiting\b|\btransits\b,FALSE
1262,VERB,NA,list,list,\blist\b|\bList\b|\blisted\b|\bListed\b|\blisting\b|\blists\b,FALSE
1246,VERB,NA,convert,convert,\bconvert\b|\bconverted\b|\bconverting\b|\bConverting\b|\bconverts\b,FALSE
1243,VERB,NA,operating,operating,\boperating\b|\bOperating\b,FALSE
1238,VERB,NA,builde,builde,\bbuilding\b,FALSE
1227,VERB,NA,planning,planning,\bplanning\b|\bPlanning\b,FALSE
1202,VERB,NA,managing,managing,\bmanaging\b|\bManaging\b,FALSE
1198,VERB,NA,awarded,awarded,\bawarded\b,FALSE
1195,VERB,NA,protect,protect,\bprotect\b|\bproTect\b|\bProtect\b|\bPROTECT\b|\bprotected\b|\bProtected\b|\bprotecting\b|\bProtecting\b|\bprotects\b,FALSE
1192,CONTRACT,NA,issue,issue,\bissue\b|\bIssue\b|\bissued\b|\bissues\b|\bIssues\b|\bissuing\b|\bIssuing\b,FALSE
1190,VERB,NA,employ,employ,\bemploy\b|\bemployed\b|\bEmployed\b|\bemploying\b|\bemploys\b,FALSE
1184,VERB,NA,tender,tender,\btender\b|\btendered\b|\btendering\b|\btenders\b,FALSE
1178,VERB,NA,launch,launch,\blaunch\b|\bLaunch\b|\blaunched\b|\bLaunched\b|\blaunches\b|\blaunching\b|\bLaunching\b,FALSE
1178,VERB,NA,monitor,monitor,\bmonitor\b|\bmonitored\b|\bmonitoring\b|\bmonitors\b,FALSE
1173,VERB,NA,plant,plant,\bplant\b|\bPlant\b|\bplanted\b|\bplanting\b|\bplants\b,FALSE
1169,VERB,NA,concept,concept,\bconcept\b|\bConcept\b|\bCONCEPT\b|\bconcepts\b|\bConcepts\b,FALSE
1168,VERB,NA,conceep,conceep,\bconcept\b|\bConcept\b,FALSE
1154,VERB,NA,turn,turn,\bturn\b|\bTurn\b|\bturned\b|\bturning\b|\bTurning\b|\bturns\b,FALSE
1153,VERB,NA,commit,commit,\bcommit\b|\bcommits\b|\bcommitted\b|\bCommitted\b|\bcommitting\b,FALSE
1153,VERB,NA,target,target,\btarget\b|\bTarget\b|\btargeted\b|\bTargeted\b|\btargeting\b|\btargets\b|\bTargets\b,FALSE
1145,NO,NA,consider,consider,\bconsider\b|\bConsider\b|\bconsidered\b|\bConsidered\b|\bconsidering\b|\bConsidering\b|\bconsiders\b,FALSE
1136,VERB,NA,coming,coming,\bcoming\b,FALSE
1124,VERB,NA,play,play,\bplay\b|\bPlay\b|\bplayed\b|\bplaying\b|\bPlaying\b|\bplays\b,FALSE
1119,NO,NA,reach,reach,\breach\b|\bReach\b|\bREACH\b|\breached\b|\breaches\b|\breaching\b|\bReaching\b,FALSE
1111,VERB,NA,mean,mean,\bmean\b|\bMean\b|\bmeaning\b|\bmeans\b|\bMeans\b|\bmeant\b,FALSE
1109,VERB,NA,secure,secure,\bsecure\b|\bSecure\b|\bsecured\b|\bSecured\b|\bsecures\b|\bSECURES\b|\bsecuring\b,FALSE
1087,CONTRACT,NA,receive,receive,\breceive\b|\breceived\b|\breceives\b|\breceiving\b|\bReceiving\b,FALSE
1082,VERB,NA,clear,clear,\bclear\b|\bClear\b|\bcleared\b|\bclearing\b|\bClearing\b|\bclears\b,FALSE
1079,VERB,NA,combine,combine,\bcombine\b|\bcombined\b|\bCombined\b|\bcombines\b|\bcombining\b,FALSE
1044,VERB,NA,remain,remain,\bremain\b|\bremained\b|\bremaining\b|\bRemaining\b|\bremains\b,FALSE
1041,VERB,NA,hand,hand,\bhand\b|\bhanded\b|\bhanding\b|\bhandled\b|\bhandling\b|\bHandling\b|\bhands\b|\bHands\b,FALSE
1040,VERB,NA,Renewables,Renewables,\bRenewables\b,FALSE
1034,VERB,NA,lower,lower,\blower\b|\bLower\b|\blowered\b|\blowering\b|\blowers\b,FALSE
1029,VERB,NA,commissioned,commissioned,\bcommissioned\b,FALSE
1006,VERB,NA,mount,mount,\bmount\b|\bMount\b|\bmounted\b|\bmounting\b|\bmounts\b,FALSE
1004,VERB,NA,represent,represent,\brepresent\b|\brepresented\b|\bRepresented\b|\brepresenting\b|\bRepresenting\b|\brepresents\b,FALSE
1000,VERB,NA,cause,cause,\bcause\b|\bCause\b|\bcaused\b|\bcauses\b|\bcausing\b,FALSE
991,VERB,NA,face,face,\bface\b|\bfaced\b|\bFaced\b|\bfaces\b|\bFaces\b|\bfacing\b,FALSE
988,VERB,NA,assessment,assessment,\bassessment\b|\bAssessment\b|\bassessments\b,FALSE
986,VERB,NA,value,value,\bvalue\b|\bValue\b|\bvalued\b|\bValued\b|\bvalues\b|\bvaluing\b,FALSE
975,CONTRACT,NA,demonstrate,demonstrate,\bdemonstrate\b|\bdemonstrated\b|\bdemonstrates\b|\bdemonstrating\b,FALSE
971,VERB,NA,cement,cement,\bcement\b|\bCement\b|\bcemented\b|\bcementing\b|\bcements\b,FALSE
971,VERB,NA,park,park,\bpark\b|\bPark\b|\bparked\b|\bparks\b,FALSE
964,CONTRACT,NA,identify,identify,\bidentified\b|\bIdentified\b|\bidentifies\b|\bidentify\b|\bIdentify\b|\bidentifying\b|\bIdentifying\b,FALSE
962,VERB,NA,size,size,\bsize\b|\bSize\b|\bsized\b|\bsizes\b|\bsizing\b,FALSE
949,VERB,NA,manufacturing,manufacturing,\bmanufacturing\b|\bManufacturing\b,FALSE
944,VERB,NA,seab,seab,\bseabed\b,FALSE
941,VERB,NA,roll,roll,\broll\b|\bRoll\b|\bROLL\b|\brolled\b|\brolling\b|\bRolling\b|\brolls\b|\bRolls\b,FALSE
939,VERB,NA,understand,understand,\bunderstand\b|\bUnderstand\b|\bunderstanding\b|\bUnderstanding\b|\bunderstands\b|\bunderstood\b,FALSE
929,VERB,NA,suit,suit,\bsuit\b|\bsuited\b|\bsuites\b|\bsuits\b,FALSE
918,VERB,NA,asset,asset,\basset\b|\bAsset\b|\bassets\b|\bAssets\b,FALSE
887,VERB,NA,pass,pass,\bpass\b|\bPass\b|\bPASS\b|\bpassed\b|\bpasses\b|\bpassing\b,FALSE
885,VERB,NA,associate,associate,\bassociate\b|\bAssociate\b|\bassociated\b|\bAssociated\b|\bassociates\b|\bAssociates\b,FALSE
884,COLLAB,NA,conduct,conduct,\bconduct\b|\bconducted\b|\bConducted\b|\bconducting\b|\bconducts\b,FALSE
882,VERB,NA,serve,serve,\bserve\b|\bServe\b|\bserved\b|\bserves\b|\bserving\b|\bServing\b,FALSE
873,VERB,NA,propose,propose,\bpropose\b|\bproposed\b|\bProposed\b|\bproposes\b|\bproposing\b,FALSE
864,VERB,NA,integrate,integrate,\bintegrate\b|\bintegrated\b|\bintegrates\b|\bintegrating\b,FALSE
861,VERB,NA,monitoring,monitoring,\bmonitoring\b,FALSE
858,VERB,NA,research,research,\bResearch\b|\bResearching\b,FALSE
856,VERB,NA,approach,approach,\bapproach\b|\bApproach\b|\bapproached\b|\bapproaches\b|\bapproaching\b,FALSE
852,VERB,NA,inspect,inspect,\binspect\b|\binspected\b|\binspecting\b|\binspects\b,FALSE
848,VERB,NA,merge,merge,\bmerge\b|\bmerged\b|\bmerges\b|\bmerging\b|\bMerging\b,FALSE
837,VERB,NA,ground,ground,\bground\b|\bgrounded\b|\bgrounds\b,FALSE
836,VERB,NA,expand,expand,\bexpand\b|\bexpanded\b|\bexpanding\b|\bExpanding\b|\bexpands\b,FALSE
834,VERB,NA,repair,repair,\brepair\b|\bRepair\b|\brepaired\b|\bRepaired\b|\brepairing\b|\brepairs\b|\bRepairs\b,FALSE
832,VERB,NA,consortium,consortium,\bconsortium\b|\bConsortium\b|\bCONSORTIUM\b|\bconsortiums\b,FALSE
830,VERB,NA,relate,relate,\brelate\b|\brelated\b|\bRelated\b|\brelates\b|\brelating\b|\bRelating\b,FALSE
819,VERB,NA,involved,involved,\binvolved\b,FALSE
818,VERB,NA,grant,grant,\bgrant\b|\bGrant\b|\bgranted\b|\bgranting\b|\bgrants\b|\bGrants\b,FALSE
806,VERB,NA,transform,transform,\btransform\b|\btransformed\b|\btransforming\b|\btransforms\b,FALSE
802,VERB,NA,weigh,weigh,\bweigh\b|\bweighed\b|\bweighing\b|\bweighs\b,FALSE
796,NO,NA,contribute,contribute,\bcontribute\b|\bcontributed\b|\bcontributes\b|\bcontributing\b,FALSE
796,VERB,NA,cite,cite,\bcite\b|\bcited\b|\bcites\b|\bciting\b,FALSE
788,VERB,NA,operators,operators,\boperators\b,FALSE
779,VERB,NA,owned,owned,\bowned\b,FALSE
767,VERB,NA,chart,chart,\bchart\b|\bChart\b|\bcharted\b|\bcharting\b|\bcharts\b,FALSE
762,NO,NA,ask,ask,\bask\b|\basked\b|\basking\b|\bAsking\b|\basks\b,FALSE
749,VERB,NA,progress,progress,\bprogress\b|\bProgress\b|\bPROgress\b|\bPROGRESS\b|\bprogressed\b|\bprogresses\b|\bPROGRESSES\b|\bprogressing\b,FALSE
745,VERB,NA,deal,deal,\bdeal\b|\bDeal\b|\bdealing\b|\bDealing\b|\bdeals\b|\bDeals\b|\bdealt\b,FALSE
741,VERB,NA,undertake,undertake,\bundertake\b|\bundertaken\b|\bUndertaken\b|\bundertakes\b|\bundertaking\b|\bundertook\b,FALSE
739,VERB,NA,collect,collect,\bcollect\b|\bCollect\b|\bcollected\b|\bcollecting\b|\bCollecting\b|\bcollects\b,FALSE
726,VERB,NA,comment,comment,\bcomment\b|\bComment\b|\bcommented\b|\bcommenting\b|\bcomments\b|\bComments\b,FALSE
719,VERB,NA,commence,commence,\bcommence\b|\bcommenced\b|\bcommences\b|\bcommencing\b,FALSE
715,CONTRACT,NA,hire,hire,\bHIE\b|\bhire\b|\bhired\b|\bhires\b|\bhiring\b|\bHiring\b,FALSE
713,VERB,NA,bid,bid,\bbid\b|\bBid\b|\bbidding\b|\bbids\b,FALSE
710,VERB,NA,stake,stake,\bstake\b|\bstaked\b|\bstakes\b|\bStakes\b|\bstaking\b,FALSE
704,VERB,NA,save,save,\bsave\b|\bSave\b|\bsaved\b|\bsaves\b|\bsaving\b|\bSaving\b,FALSE
699,VERB,NA,estimate,estimate,\bestimate\b|\bestimated\b|\bEstimated\b|\bestimates\b|\bEstimates\b|\bestimating\b,FALSE
697,VERB,NA,excite,excite,\bexcite\b|\bexcited\b|\bexciting\b|\bExciting\b,FALSE
696,VERB,NA,break,break,\bbreak\b|\bBreak\b|\bbreaking\b|\bBreaking\b|\bbreaks\b|\bBreaks\b|\bbroke\b|\bbroken\b,FALSE
686,VERB,NA,implement,implement,\bimplement\b|\bImplement\b|\bimplemented\b|\bimplementing\b|\bImplementing\b|\bimplements\b,FALSE
684,VERB,NA,apply,apply,\bapplied\b|\bApplied\b|\bapplies\b|\bapply\b|\bapplying\b|\bApplying\b,FALSE
680,VERB,NA,extend,extend,\bextend\b|\bextended\b|\bExtended\b|\bextending\b|\bExtending\b|\bextends\b|\bExtends\b|\bextent\b,FALSE
675,VERB,NA,piece,piece,\bpiece\b|\bPiece\b|\bpieced\b|\bpieces\b,FALSE
674,VERB,NA,laying,laying,\blaying\b|\bLaying\b,FALSE
668,VERB,NA,hull,hull,\bhull\b|\bHull\b|\bhulled\b|\bhulls\b,FALSE
664,VERB,NA,delight,delight,\bdelight\b|\bdelighted\b,FALSE
660,VERB,NA,delighte,delighte,\bdelighted\b,FALSE
660,VERB,NA,delighted,delighted,\bdelighted\b,FALSE
659,VERB,NA,few,few,\bfew\b|\bFew\b|\bFEW\b,FALSE
658,VERB,NA,consent,consent,\bconsent\b|\bConsent\b|\bconsented\b|\bconsenting\b|\bConsenting\b|\bconsents\b,FALSE
658,VERB,NA,lifting,lifting,\blifting\b|\bLifting\b,FALSE
653,VERB,NA,pleased,pleased,\bpleased\b,FALSE
649,VERB,NA,launched,launched,\blaunched\b,FALSE
646,VERB,NA,integrated,integrated,\bintegrated\b,FALSE
636,VERB,NA,finance,finance,\bfinance\b|\bFinance\b|\bfinanced\b|\bfinances\b|\bfinancing\b|\bFinancing\b,FALSE
625,CONTRACT,NA,charter,charter,\bcharter\b|\bchartered\b|\bchartering\b|\bChartering\b|\bcharters\b,FALSE
624,VERB,NA,handle,handle,\bhandle\b|\bhandled\b|\bhandles\b|\bHandles\b|\bhandling\b|\bHandling\b,FALSE
623,VERB,NA,selecte,selecte,\bselected\b,FALSE
620,VERB,NA,emerge,emerge,\bemerge\b|\bemerged\b|\bemerges\b|\bemerging\b|\bEmerging\b,FALSE
619,NO,NA,explain,explain,\bexplain\b|\bexplained\b|\bexplaining\b|\bexplains\b,FALSE
617,VERB,NA,learn,learn,\blearn\b|\bLearn\b|\bLEARN\b|\blearned\b|\bLearned\b|\blearning\b|\bLearning\b|\blearns\b|\blearnt\b,FALSE
613,VERB,NA,trust,trust,\btrust\b|\bTrust\b|\btrusted\b|\bTrusted\b|\btrusting\b|\btrusts\b,FALSE
605,VERB,NA,amount,amount,\bamount\b|\bAmount\b|\bamounted\b|\bamounting\b|\bamounts\b,FALSE
604,VERB,NA,track,track,\btrack\b|\bTrack\b|\btracked\b|\btracking\b|\bTracking\b|\btracks\b,FALSE
604,VERB,NA,maintain,maintain,\bmaintain\b|\bmaintained\b|\bmaintaining\b|\bMaintaining\b|\bmaintains\b|\bMaintains\b,FALSE
603,VERB,NA,enhance,enhance,\benhance\b|\benhanced\b|\bEnhanced\b|\benhances\b|\benhancing\b,FALSE
598,VERB,NA,installing,installing,\binstalling\b,FALSE
598,NO,NA,believe,believe,\bbelieve\b|\bbelieved\b|\bBelieved\b|\bbelieves\b|\bbelieving\b,FALSE
577,VERB,NA,keep,keep,\bkeep\b|\bKeep\b|\bKEEP\b|\bkeeping\b|\bKeeping\b|\bkeeps\b|\bkept\b,FALSE
574,VERB,NA,prepare,prepare,\bprepare\b|\bPrepare\b|\bprepared\b|\bprepares\b|\bpreparing\b|\bPreparing\b,FALSE
572,VERB,NA,seek,seek,\bseek\b|\bSeek\b|\bSEEK\b|\bseeking\b|\bseeks\b|\bsought\b,FALSE
571,VERB,NA,name,name,\bname\b|\bnamed\b|\bNamed\b|\bnames\b|\bnaming\b,FALSE
567,VERB,NA,assist,assist,\bassist\b|\bASSIST\b|\bassisted\b|\bAssisted\b|\bassisting\b|\bAssisting\b|\bassists\b,FALSE
564,VERB,NA,tell,tell,\btell\b|\btelling\b|\btells\b|\btold\b,FALSE
562,NO,NA,discuss,discuss,\bdiscuss\b|\bdiscussed\b|\bdiscusses\b|\bdiscussing\b,FALSE
535,VERB,NA,address,address,\baddress\b|\bAddress\b|\baddressed\b|\bAddressed\b|\baddresses\b|\baddressing\b,FALSE
534,VERB,NA,replace,replace,\breplace\b|\breplaced\b|\breplaces\b|\breplacing\b|\bReplacing\b,FALSE
531,VERB,NA,charge,charge,\bcharge\b|\bCharge\b|\bcharged\b|\bcharges\b|\bCharges\b|\bcharging\b|\bCharging\b,FALSE
529,VERB,NA,speak,speak,\bspeak\b|\bspeaking\b|\bSpeaking\b|\bspeaks\b|\bspoke\b|\bspoken\b,FALSE
523,VERB,NA,upgrade,upgrade,\bupgrade\b|\bUpgrade\b|\bupgraded\b|\bupgrades\b|\bupgrading\b,FALSE
522,NO,NA,want,want,\bwant\b|\bWant\b|\bwanted\b|\bwanting\b|\bwants\b,FALSE
518,VERB,NA,attract,attract,\battract\b|\battracted\b|\battracting\b|\battracts\b,FALSE
507,VERB,NA,visit,visit,\bvisit\b|\bVisit\b|\bVISIT\b|\bvisited\b|\bvisiting\b|\bVisiting\b|\bvisits\b|\bVisits\b,FALSE
506,VERB,NA,regard,regard,\bregard\b|\bregarded\b|\bregarding\b|\bRegarding\b|\bregards\b,FALSE
505,VERB,NA,provider,provider,\bprovider\b|\bProvider\b|\bproviders\b,FALSE
504,VERB,NA,generating,generating,\bgenerating\b|\bGenerating\b,FALSE
497,VERB,NA,proven,proven,\bproven\b,FALSE
494,VERB,NA,predict,predict,\bpredict\b|\bpredicted\b|\bPredicted\b|\bpredicting\b|\bPredicting\b|\bpredicts\b,FALSE
489,VERB,NA,saive,saive,\bsaving\b,FALSE
488,CONTRACT,NA,acquire,acquire,\bacquire\b|\bacquired\b|\bAcquired\b|\bacquires\b|\bacquiring\b|\bAcquiring\b,FALSE
488,VERB,NA,trench,trench,\btrench\b|\btrenched\b|\btrenches\b|\btrenching\b,FALSE
483,VERB,NA,hope,hope,\bhope\b|\bHope\b|\bhoped\b|\bhopes\b|\bHopes\b|\bhoping\b,FALSE
482,VERB,NA,forecast,forecast,\bforecast\b|\bForecast\b|\bFORECAST\b|\bforecasted\b|\bforecasting\b|\bforecasts\b|\bForecasts\b,FALSE
481,VERB,NA,draw,draw,\bdraw\b|\bdrawing\b|\bdrawn\b|\bdraws\b|\bdrew\b,FALSE
480,VERB,NA,dock,dock,\bdock\b|\bDock\b|\bdocked\b|\bdocking\b|\bDocking\b|\bdocks\b,FALSE
479,VERB,NA,file,file,\bfile\b|\bFile\b|\bfiled\b|\bfiles\b|\bfiling\b,FALSE
477,VERB,NA,function,function,\bfunction\b|\bFunction\b|\bfunctioned\b|\bfunctioning\b|\bfunctions\b|\bFunctions\b,FALSE
470,VERB,NA,publish,publish,\bpublish\b|\bpublished\b|\bPublished\b|\bpublishes\b|\bpublishing\b,FALSE
467,VERB,NA,engage,engage,\bengage\b|\bEngage\b|\bengaged\b|\bengages\b|\bengaging\b|\bEngaging\b,FALSE
466,VERB,NA,accelerate,accelerate,\baccelerate\b|\baccelerated\b|\bAccelerated\b|\baccelerates\b|\baccelerating\b,FALSE
459,VERB,NA,compete,compete,\bcompete\b|\bCompete\b|\bcompeted\b|\bcompetes\b|\bcompeting\b,FALSE
459,VERB,NA,approve,approve,\bapprove\b|\bapproved\b|\bApproved\b|\bapproves\b|\bapproving\b,FALSE
456,VERB,NA,utilise,utilise,\butilise\b|\butilised\b|\butilises\b|\butilising\b|\bUtilising\b,FALSE
455,VERB,NA,fix,fix,\bfix\b|\bFix\b|\bfixed\b|\bFixed\b|\bfixing\b,FALSE
453,CONTRACT,NA,choose,choose,\bchoose\b|\bchoosen\b|\bchooses\b|\bCHOOSES\b|\bchoosing\b|\bChoosing\b|\bchose\b|\bchosen\b,FALSE
449,VERB,NA,account,account,\baccount\b|\bAccount\b|\baccounted\b|\baccounting\b|\bAccounting\b|\baccounts\b|\bAccounts\b,FALSE
448,VERB,NA,detailed,detailed,\bdetailed\b|\bDetailed\b,FALSE
443,VERB,NA,determine,determine,\bdetermine\b|\bdetermined\b|\bdetermines\b|\bdetermining\b|\bDetermining\b,FALSE
442,VERB,NA,pool,pool,\bpool\b|\bPool\b|\bpooling\b|\bpools\b,FALSE
441,VERB,NA,reduced,reduced,\breduced\b|\bReduced\b,FALSE
441,VERB,NA,pay,pay,\bpaid\b|\bpay\b|\bpaying\b|\bpays\b|\bPays\b,FALSE
434,VERB,NA,anticipate,anticipate,\banticipate\b|\banticipated\b|\bAnticipated\b|\banticipates\b|\banticipating\b,FALSE
433,VERB,NA,hit,hit,\bhit\b|\bhits\b|\bhitting\b,FALSE
428,COLLAB,NA,committe,committe,\bcommitted\b|\bcommitting\b,FALSE
425,VERB,NA,enabling,enabling,\benabling\b|\bEnabling\b|\bENABLING\b,FALSE
420,VERB,NA,task,task,\btask\b|\btasked\b|\btasks\b,FALSE
419,VERB,NA,accommodate,accommodate,\baccommodate\b|\baccommodated\b|\baccommodates\b|\baccommodating\b,FALSE
415,VERB,NA,highlight,highlight,\bhighlight\b|\bHighlight\b|\bhighlighted\b|\bhighlighting\b|\bHighlighting\b|\bhighlights\b|\bHighlights\b,FALSE
413,VERB,NA,guide,guide,\bguide\b|\bGuide\b|\bguided\b|\bguides\b|\bGuides\b|\bguiding\b,FALSE
413,VERB,NA,contain,contain,\bcontain\b|\bcontained\b|\bContained\b|\bcontaining\b|\bcontains\b,FALSE
410,VERB,NA,Prysmian,Prysmian,\bPrysmian\b|\bPRYSMIAN\b,FALSE
410,VERB,NA,Enterprise,Enterprise,\bEnterprise\b,FALSE
408,VERB,NA,subsidiary,subsidiary,\bsubsidiaries\b|\bsubsidiary\b|\bSubsidiary\b,FALSE
406,CONTRACT,NA,conclude,conclude,\bconclude\b|\bconcluded\b|\bconcludes\b|\bconcluding\b|\bConcluding\b,FALSE
404,VERB,NA,concern,concern,\bconcern\b|\bconcerned\b|\bconcerning\b|\bconcerns\b|\bConcerns\b,FALSE
402,VERB,NA,arrive,arrive,\barrive\b|\barrived\b|\bArrived\b|\barrives\b|\barriving\b|\bArriving\b,FALSE
401,VERB,NA,foot,foot,\bfeet\b|\bfoot\b|\bfooted\b|\bfooting\b,FALSE
400,VERB,NA,facilitate,facilitate,\bfacilitate\b|\bfacilitated\b|\bfacilitates\b|\bfacilitating\b|\bFacilitating\b,FALSE
399,VERB,NA,respond,respond,\brespond\b|\bresponded\b|\bresponding\b|\bResponding\b|\bresponds\b,FALSE
398,VERB,NA,thank,thank,\bthank\b|\bThank\b|\bthanked\b,FALSE
392,VERB,NA,delay,delay,\bdelay\b|\bDelay\b|\bDELAY\b|\bdelayed\b|\bDelayed\b|\bdelaying\b|\bdelays\b|\bDelays\b,FALSE
391,VERB,NA,procure,procure,\bprocure\b|\bProcure\b|\bprocured\b|\bprocuring\b,FALSE
387,VERB,NA,welcome,welcome,\bwelcome\b|\bWelcome\b|\bwelcomed\b|\bwelcomes\b|\bwelcoming\b|\bWelcoming\b,FALSE
384,VERB,NA,handling,handling,\bhandling\b|\bHandling\b,FALSE
382,VERB,NA,strengthen,strengthen,\bstrengthen\b|\bstrengthened\b|\bstrengthening\b|\bstrengthens\b,FALSE
378,VERB,NA,intend,intend,\bintend\b|\bintended\b|\bIntended\b|\bintending\b|\bintends\b,FALSE
367,VERB,NA,remaining,remaining,\bremaining\b,FALSE
367,VERB,NA,anchor,anchor,\banchor\b|\banchored\b|\banchoring\b|\banchors\b,FALSE
363,VERB,NA,compensate,compensate,\bcompensate\b|\bcompensated\b|\bcompensates\b|\bcompensating\b,FALSE
362,VERB,NA,medium,medium,\bmedium\b|\bMedium\b,FALSE
359,VERB,NA,moo,moo,\bmoored\b|\bmooring\b,FALSE
358,CONTRACT,NA,appoint,appoint,\bappoint\b|\bappointed\b|\bAppointed\b|\bappointing\b|\bappoints\b,FALSE
357,VERB,NA,cabl,cabl,\bcabling\b,FALSE
357,VERB,NA,cabling,cabling,\bcabling\b|\bcablings\b,FALSE
357,VERB,NA,commmend,commmend,\bcommend\b,FALSE
355,VERB,NA,walk,walk,\bwalk\b|\bWalk\b|\bwalked\b|\bwalking\b|\bwalks\b,FALSE
351,VERB,NA,transmit,transmit,\btransmit\b|\bTransmit\b|\btransmited\b|\btransmits\b|\btransmitted\b|\btransmitting\b,FALSE
349,VERB,NA,optimise,optimise,\boptimise\b|\boptimised\b|\boptimises\b|\boptimising\b,FALSE
349,VERB,NA,boost,boost,\bboost\b|\bBoost\b|\bboosted\b|\bboosting\b|\bboosts\b,FALSE
348,VERB,NA,hear,hear,\bhear\b|\bheard\b|\bhearing\b|\bHearing\b,FALSE
348,VERB,NA,request,request,\brequest\b|\bRequest\b|\brequested\b|\brequesting\b|\brequests\b|\bRequests\b,FALSE
345,VERB,NA,representative,representative,\brepresentative\b|\bRepresentative\b|\brepresentatives\b,FALSE
342,VERB,NA,suppli,suppli,\bsupplied\b|\bSupplied\b,FALSE
339,VERB,NA,applied,applied,\bapplied\b|\bApplied\b,FALSE
338,VERB,NA,segment,segment,\bsegment\b|\bSegment\b|\bsegmented\b|\bsegments\b,FALSE
337,CONTRACT,NA,assemble,assemble,\bassemble\b|\bassembled\b|\bAssembled\b|\bassembles\b|\bassembling\b,FALSE
337,VERB,NA,introduce,introduce,\bintroduce\b|\bintroduced\b|\bintroduces\b|\bintroducing\b,FALSE
337,CONTRACT,NA,adapt,adapt,\badapt\b|\bAdapt\b|\badapted\b|\badapting\b|\badapts\b,FALSE
335,VERB,NA,return,return,\breturn\b|\bReturn\b|\breturned\b|\breturning\b|\breturns\b,FALSE
333,VERB,NA,obtain,obtain,\bobtain\b|\bObtain\b|\bobtained\b|\bobtaining\b|\bObtaining\b,FALSE
331,VERB,NA,host,host,\bhost\b|\bHost\b|\bhosted\b|\bHosted\b|\bhosting\b|\bHosting\b|\bhosts\b,FALSE
327,VERB,NA,optimize,optimize,\boptimize\b|\boptimized\b|\boptimizes\b|\boptimizing\b,FALSE
327,NO,NA,decide,decide,\bdecide\b|\bdecided\b|\bdecides\b|\bdeciding\b,FALSE
326,VERB,NA,undertaken,undertaken,\bundertaken\b,FALSE
325,VERB,NA,validate,validate,\bvalidate\b|\bvalidated\b|\bvalidates\b|\bvalidating\b,FALSE
322,VERB,NA,affect,affect,\baffect\b|\bAffect\b|\baffected\b|\baffecting\b|\baffects\b,FALSE
322,VERB,NA,think,think,\bthink\b|\bThink\b|\bthinking\b|\bThinking\b|\bthinks\b|\bthought\b,FALSE
321,VERB,NA,fill,fill,\bfill\b|\bFill\b|\bfilled\b|\bFilled\b|\bfilling\b|\bfills\b,FALSE
319,CONTRACT,NA,prefer,prefer,\bprefer\b|\bpreferred\b|\bPreferred\b|\bpreferring\b|\bprefers\b,FALSE
319,CONTRACT,NA,gather,gather,\bgather\b|\bGather\b|\bgathered\b|\bgathering\b|\bGathering\b|\bgathers\b,FALSE
319,VERB,NA,promote,promote,\bpromote\b|\bPromote\b|\bpromoted\b|\bpromotes\b|\bpromoting\b|\bPromoting\b,FALSE
319,VERB,NA,purchase,purchase,\bpurchase\b|\bPurchase\b|\bpurchased\b|\bPurchased\b|\bpurchases\b|\bpurchasing\b|\bPurchasing\b,FALSE
315,CONTRACT,NA,attend,attend,\battend\b|\battended\b|\battending\b|\bAttending\b|\battends\b,FALSE
314,VERB,NA,trenching,trenching,\btrenching\b,FALSE
312,VERB,NA,fire,fire,\bfire\b|\bFire\b|\bfired\b|\bfires\b|\bFires\b|\bfiring\b,FALSE
306,VERB,NA,reflect,reflect,\breflect\b|\breflected\b|\breflecting\b|\bReflecting\b|\breflects\b,FALSE
304,VERB,NA,burial,burial,\bburial\b|\bBurial\b,FALSE
303,VERB,NA,patent,patent,\bpatent\b|\bPatent\b|\bpatented\b|\bpatenting\b|\bpatents\b,FALSE
301,VERB,NA,rely,rely,\brelied\b|\brelies\b|\brely\b|\brelying\b|\bRelying\b,FALSE
300,VERB,NA,participate,participate,\bparticipate\b|\bparticipated\b|\bparticipates\b|\bparticipating\b|\bParticipating\b,FALSE
300,VERB,NA,undergo,undergo,\bundergo\b|\bundergoes\b|\bundergoing\b|\bundergone\b|\bunderwent\b,FALSE
299,VERB,NA,update,update,\bupdate\b|\bUpdate\b|\bUPDATE\b|\bupdated\b|\bUpdated\b|\bupdates\b|\bUPDATES\b|\bupdating\b,FALSE
297,VERB,NA,raise,raise,\braise\b|\braised\b|\braises\b|\braising\b|\bRaising\b,FALSE
296,VERB,NA,incorporate,incorporate,\bincorporate\b|\bincorporated\b|\bIncorporated\b|\bincorporates\b|\bincorporating\b,FALSE
294,VERB,NA,note,note,\bnote\b|\bNote\b|\bNOTE\b|\bnoted\b|\bNoted\b|\bnotes\b|\bNotes\b|\bnoting\b,FALSE
294,VERB,NA,pull,pull,\bpull\b|\bPull\b|\bpulled\b|\bpulling\b|\bpulls\b,FALSE
292,VERB,NA,analyse,analyse,\banalyse\b|\banalysed\b|\banalyses\b|\banalysing\b,FALSE
291,VERB,NA,recognise,recognise,\brecognise\b|\brecognised\b|\bRecognised\b|\brecognises\b|\brecognising\b,FALSE
290,VERB,NA,jet,jet,\bjet\b|\bJet\b|\bjets\b|\bjetted\b|\bjetting\b,FALSE
290,VERB,NA,spend,spend,\bspend\b|\bspending\b|\bspends\b|\bspent\b,FALSE
290,VERB,NA,producing,producing,\bproducing\b|\bProducing\b,FALSE
286,VERB,NA,remove,remove,\bremove\b|\bremoved\b|\bremoves\b|\bremoving\b|\bRemoving\b,FALSE
285,VERB,NA,execute,execute,\bexecute\b|\bexecuted\b|\bExecuted\b|\bexecutes\b|\bexecuting\b,FALSE
282,VERB,NA,suite,suite,\bsuite\b|\bsuited\b|\bsuites\b,FALSE
278,VERB,NA,explore,explore,\bexplore\b|\bexplored\b|\bexplores\b|\bexploring\b,FALSE
277,VERB,NA,accept,accept,\baccept\b|\baccepted\b|\bAccepted\b|\baccepting\b|\baccepts\b,FALSE
276,VERB,NA,situate,situate,\bsituated\b|\bSituated\b,FALSE
275,VERB,NA,exhibit,exhibit,\bexhibit\b|\bexhibited\b|\bexhibiting\b|\bexhibits\b,FALSE
272,VERB,NA,promise,promise,\bpromise\b|\bpromised\b|\bpromises\b|\bpromising\b,FALSE
267,VERB,NA,store,store,\bstore\b|\bStore\b|\bStoRE\b|\bstored\b|\bStored\b|\bstores\b|\bstoring\b|\bStoring\b,FALSE
267,VERB,NA,evaluate,evaluate,\bevaluate\b|\bevaluated\b|\bevaluates\b|\bevaluating\b|\bEvaluating\b,FALSE
266,VERB,NA,marks,marks,\bmarks\b|\bMarks\b,FALSE
263,VERB,NA,examine,examine,\bexamine\b|\bExamine\b|\bexamined\b|\bExamined\b|\bexamines\b|\bexamining\b|\bExamining\b,FALSE
261,VERB,NA,exchange,exchange,\bexchange\b|\bExchange\b|\bexchanged\b|\bexchanges\b|\bexchanging\b,FALSE
259,VERB,NA,investigate,investigate,\binvestigate\b|\binvestigated\b|\binvestigates\b|\binvestigating\b|\bInvestigating\b,FALSE
252,VERB,NA,learning,learning,\blearning\b|\bLearning\b|\blearnings\b,FALSE
245,VERB,NA,recover,recover,\brecover\b|\brecovered\b|\brecovering\b|\brecovers\b,FALSE
244,VERB,NA,cutting,cutting,\bcutting\b|\bCutting\b|\bcuttings\b,FALSE
242,VERB,NA,sail,sail,\bsail\b|\bSail\b|\bsailed\b|\bsailing\b|\bSailing\b|\bsails\b,FALSE
239,VERB,NA,push,push,\bpush\b|\bpushed\b|\bpushes\b|\bpushing\b|\bPushing\b,FALSE
236,VERB,NA,Tern,Tern,\bTern\b,FALSE
234,VERB,NA,minimise,minimise,\bminimise\b|\bminimised\b|\bminimises\b|\bminimising\b,FALSE
234,VERB,NA,budget,budget,\bbudget\b|\bBudget\b|\bBUDGET\b|\bbudgeted\b|\bbudgets\b,FALSE
233,VERB,NA,bury,bury,\bburied\b|\bbury\b|\bburying\b,FALSE
233,COMPETITION,NA,complement,complement,\bcomplement\b|\bcomplemented\b|\bcomplementing\b|\bcomplements\b,FALSE
229,VERB,NA,harness,harness,\bharness\b|\bharnessed\b|\bharnesses\b|\bharnessing\b,FALSE
228,VERB,NA,laid,laid,\blaid\b|\bLaid\b,FALSE
227,VERB,NA,cos,cos,\bCos\b|\bcosting\b,FALSE
226,VERB,NA,reveal,reveal,\breveal\b|\brevealed\b|\brevealing\b|\breveals\b,FALSE
221,VERB,NA,supplye,supplye,\bsupplying\b,FALSE
221,VERB,NA,supplying,supplying,\bsupplying\b,FALSE
221,CONTRACT,NA,coordinate,coordinate,\bcoordinate\b|\bCoordinate\b|\bcoordinated\b|\bCoordinated\b|\bcoordinates\b|\bcoordinating\b|\bCoordinating\b,FALSE
220,VERB,NA,shape,shape,\bshape\b|\bShape\b|\bshaped\b|\bshapes\b|\bshaping\b,FALSE
218,VERB,NA,depart,depart,\bdepart\b|\bdeparted\b|\bdeparting\b|\bdeparts\b,FALSE
217,VERB,NA,finish,finish,\bfinish\b|\bFinish\b|\bfinished\b|\bfinishes\b|\bfinishing\b,FALSE
216,VERB,NA,react,react,\breact\b|\breacted\b|\breacting\b|\breacts\b,FALSE
215,VERB,NA,comprising,comprising,\bcomprising\b,FALSE
215,VERB,NA,adopt,adopt,\badopt\b|\badopted\b|\badopting\b|\badopts\b,FALSE
214,VERB,NA,investing,investing,\binvesting\b,FALSE
214,VERB,NA,adjust,adjust,\badjust\b|\badjusted\b|\bAdjusted\b|\badjusting\b|\badjusts\b,FALSE
212,VERB,NA,register,register,\bregister\b|\bRegister\b|\bregistered\b|\bregistering\b|\bregisters\b,FALSE
212,VERB,NA,towe,towe,\btowed\b|\btowing\b,FALSE
211,VERB,NA,recruit,recruit,\brecruit\b|\brecruited\b|\bRecruited\b|\brecruiting\b|\bRecruiting\b|\brecruits\b,FALSE
209,VERB,NA,guarantee,guarantee,\bguarantee\b|\bGuarantee\b|\bguaranteed\b|\bguaranteeing\b|\bguarantees\b|\bGuarantees\b,FALSE
209,VERB,NA,reinforce,reinforce,\breinforce\b|\breinforced\b|\breinforces\b|\breinforcing\b|\bReinforcing\b,FALSE
207,VERB,NA,mobilise,mobilise,\bmobilise\b|\bmobilised\b|\bMobilised\b|\bmobilising\b,FALSE
206,VERB,NA,define,define,\bdefine\b|\bdefined\b|\bDefined\b|\bdefines\b|\bdefining\b,FALSE
206,VERB,NA,decrease,decrease,\bdecrease\b|\bdecreased\b|\bdecreases\b|\bdecreasing\b,FALSE
203,VERB,NA,claim,claim,\bclaim\b|\bClaim\b|\bclaimed\b|\bclaiming\b|\bclaims\b,FALSE
203,VERB,NA,progresse,progresse,\bprogressed\b|\bprogresses\b|\bPROGRESSES\b|\bprogressing\b,FALSE
203,VERB,NA,wait,wait,\bwait\b|\bwaited\b|\bwaiting\b|\bWaiting\b|\bwaits\b,FALSE
202,VERB,NA,collaborate,collaborate,\bcollaborate\b|\bcollaborated\b|\bcollaborates\b|\bcollaborating\b,FALSE
201,CONTRACT,NA,erect,erect,\berect\b|\berected\b|\berecting\b|\berects\b,FALSE
201,VERB,NA,talk,talk,\btalk\b|\bTalk\b|\btalked\b|\btalking\b|\bTalking\b|\btalks\b|\bTalks\b,FALSE
200,VERB,NA,seal,seal,\bseal\b|\bSeal\b|\bsealed\b|\bSealed\b|\bsealing\b|\bseals\b,FALSE
199,VERB,NA,propel,propel,\bpropel\b|\bpropelled\b|\bPropelled\b,FALSE
199,VERB,NA,minimize,minimize,\bminimize\b|\bminimized\b|\bminimizes\b|\bminimizing\b,FALSE
197,VERB,NA,input,input,\binput\b|\bInput\b|\binputs\b|\binputted\b,FALSE
197,VERB,NA,write,write,\bwrite\b|\bwrites\b|\bwriting\b|\bwritten\b|\bWritten\b|\bwrote\b,FALSE
196,VERB,NA,alternate,alternate,\balternate\b|\bAlternate\b|\balternated\b|\balternates\b|\balternating\b|\bAlternating\b,FALSE
196,VERB,NA,fulfil,fulfil,\bfulfil\b|\bfulfilled\b|\bfulfilling\b|\bFulfilling\b|\bfulfils\b,FALSE
196,VERB,NA,arrange,arrange,\barrange\b|\barranged\b|\barranges\b|\barranging\b,FALSE
196,VERB,NA,decommissioning,decommissioning,\bdecommissioning\b,FALSE
192,VERB,NA,suggest,suggest,\bsuggest\b|\bsuggested\b|\bsuggesting\b|\bsuggests\b,FALSE
191,VERB,NA,check,check,\bcheck\b|\bCheck\b|\bchecked\b|\bchecking\b|\bchecks\b,FALSE
188,VERB,NA,match,match,\bmatch\b|\bmatched\b|\bmatches\b|\bmatching\b,FALSE
186,VERB,NA,certifie,certifie,\bcertified\b|\bCertified\b,FALSE
184,VERB,NA,realise,realise,\brealise\b|\brealised\b|\brealises\b|\brealising\b,FALSE
183,VERB,NA,flag,flag,\bflag\b|\bFlag\b|\bflagged\b|\bflags\b,FALSE
183,VERB,NA,specialize,specialize,\bspecialize\b|\bspecialized\b|\bspecializes\b|\bspecializing\b,FALSE
183,VERB,NA,notice,notice,\bnotice\b|\bNotice\b|\bnoticed\b|\bnotices\b|\bnoticing\b,FALSE
182,VERB,NA,contact,contact,\bcontact\b|\bContact\b|\bcontacted\b|\bcontacting\b|\bcontacts\b|\bContacts\b,FALSE
182,VERB,NA,replac,replac,\breplaced\b|\breplacing\b|\bReplacing\b,FALSE
181,VERB,NA,align,align,\balign\b|\baligned\b|\baligning\b|\baligns\b,FALSE
181,VERB,NA,specialise,specialise,\bspecialise\b|\bspecialised\b|\bspecialises\b|\bspecialising\b,FALSE
181,VERB,NA,channel,channel,\bchannel\b|\bChannel\b|\bchanneled\b|\bchanneling\b|\bchannelled\b|\bchannelling\b|\bchannels\b|\bChannels\b,FALSE
179,VERB,NA,ordere,ordere,\bordered\b,FALSE
179,VERB,NA,outline,outline,\boutline\b|\bOutline\b|\boutlined\b|\boutlines\b|\boutlining\b,FALSE
178,VERB,NA,discover,discover,\bdiscover\b|\bDiscover\b|\bdiscovered\b|\bdiscovering\b|\bdiscovers\b,FALSE
178,VERB,NA,analyze,analyze,\banalyze\b|\banalyzed\b|\banalyzes\b|\banalyzing\b,FALSE
178,VERB,NA,Copenhagen,Copenhagen,\bCopenhagen\b,FALSE
178,VERB,NA,interface,interface,\binterface\b|\bInterface\b|\binterfaced\b|\binterfaces\b,FALSE
177,VERB,NA,utilize,utilize,\butilize\b|\butilized\b|\butilizes\b|\butilizing\b,FALSE
177,VERB,NA,impress,impress,\bimpress\b|\bimpressed\b|\bImpressed\b,FALSE
177,VERB,NA,Based,Based,\bBased\b,FALSE
177,CONTRACT,NA,invite,invite,\binvite\b|\bInvite\b|\binvited\b|\bInvited\b|\binvitees\b|\binvites\b|\binviting\b,FALSE
176,VERB,NA,travel,travel,\btravel\b|\bTravel\b|\btraveled\b|\btraveling\b|\btravelled\b|\btravelling\b|\btravels\b,FALSE
174,VERB,NA,alternating,alternating,\balternating\b|\bAlternating\b,FALSE
174,VERB,NA,left,left,\bleft\b|\bLEFT\b,FALSE
173,VERB,NA,describe,describe,\bdescribe\b|\bdescribed\b|\bDescribed\b|\bdescribes\b|\bdescribing\b|\bDescribing\b,FALSE
172,VERB,NA,consiste,consiste,\bconsisting\b,FALSE
172,VERB,NA,consisting,consisting,\bconsisting\b,FALSE
171,VERB,NA,promising,promising,\bpromising\b,FALSE
170,VERB,NA,dredge,dredge,\bdredge\b|\bdredged\b|\bdredging\b,FALSE
169,VERB,NA,leverage,leverage,\bleverage\b|\bleveraged\b|\bleverages\b|\bleveraging\b,FALSE
169,VERB,NA,tailor,tailor,\btailor\b|\btailored\b|\btailoring\b,FALSE
167,VERB,NA,utilising,utilising,\butilising\b|\bUtilising\b,FALSE
167,COMPETITION,NA,eliminate,eliminate,\beliminate\b|\beliminated\b|\beliminates\b|\beliminating\b|\bEliminating\b,FALSE
167,VERB,NA,mitigate,mitigate,\bmitigate\b|\bmitigated\b|\bmitigates\b|\bmitigating\b|\bMitigating\b,FALSE
166,VERB,NA,commenced,commenced,\bcommenced\b,FALSE
165,VERB,NA,evolve,evolve,\bevolve\b|\bevolved\b|\bevolves\b|\bevolving\b,FALSE
162,VERB,NA,express,express,\bexpress\b|\bexpressed\b|\bexpresses\b|\bexpressing\b,FALSE
161,VERB,NA,evidence,evidence,\bevidence\b|\bEvidence\b|\bevidenced\b|\bevidences\b,FALSE
159,VERB,NA,beach,beach,\bbeach\b|\bBeach\b|\bbeached\b|\bbeaches\b,FALSE
158,VERB,NA,book,book,\bbook\b|\bBook\b|\bbooked\b|\bBooked\b|\bbooking\b|\bbooks\b,FALSE
157,VERB,NA,exit,exit,\bexit\b|\bexiting\b|\bexits\b,FALSE
155,VERB,NA,revealead,revealead,\brevealed\b,FALSE
153,VERB,NA,assign,assign,\bassign\b|\bassigned\b|\bAssigned\b|\bassigning\b|\bassigns\b,FALSE
153,VERB,NA,initiate,initiate,\binitiate\b|\binitiated\b|\bInitiated\b|\binitiates\b|\binitiating\b,FALSE
153,VERB,NA,prize,prize,\bprize\b|\bPrize\b|\bprized\b|\bprizes\b|\bPrizes\b,FALSE
152,VERB,NA,lost,lost,\blost\b|\bLOST\b,FALSE
151,VERB,NA,realize,realize,\brealize\b|\brealized\b|\brealizes\b|\brealizing\b|\bRealizing\b,FALSE
150,VERB,NA,showcase,showcase,\bshowcase\b|\bShowcase\b|\bshowcased\b|\bshowcases\b|\bshowcasing\b,FALSE
150,CONTRACT,NA,fabricate,fabricate,\bfabricate\b|\bfabricated\b|\bfabricates\b,FALSE
149,VERB,NA,border,border,\bborder\b|\bBorder\b|\bbordering\b|\bborders\b|\bBorders\b,FALSE
148,VERB,NA,buy,buy,\bbought\b|\bbuy\b|\bBuy\b|\bbuying\b|\bBuying\b,FALSE
147,VERB,NA,advise,advise,\badvise\b|\badvised\b|\badvisees\b|\badvises\b|\badvising\b,FALSE
146,VERB,NA,licence,licence,\blicence\b|\blicenced\b|\blicences\b,FALSE
143,VERB,NA,tour,tour,\btour\b|\btoured\b|\btours\b,FALSE
143,VERB,NA,placing,placing,\bplacing\b|\bPlacing\b,FALSE
142,VERB,NA,turnkey,turnkey,\bturnkey\b,FALSE
141,VERB,NA,kick,kick,\bkick\b|\bKick\b|\bkicked\b|\bkicking\b|\bkicks\b,FALSE
139,VERB,NA,attach,attach,\battach\b|\battached\b|\bAttached\b|\battaches\b|\battaching\b,FALSE
138,VERB,NA,optimised,optimised,\boptimised\b,FALSE
137,VERB,NA,brave,brave,\bbrave\b|\bBrave\b|\bBRAVE\b|\bbraved\b|\bbraving\b,FALSE
135,VERB,NA,sponsor,sponsor,\bsponsor\b|\bSponsor\b|\bsponsored\b|\bSponsored\b|\bsponsoring\b|\bsponsors\b,FALSE
135,VERB,NA,surround,surround,\bsurround\b|\bsurrounded\b|\bsurrounding\b|\bsurrounds\b,FALSE
134,VERB,NA,paint,paint,\bpaint\b|\bPaint\b|\bpainted\b|\bpainting\b|\bpaints\b,FALSE
132,VERB,NA,lowering,lowering,\blowering\b,FALSE
132,VERB,NA,Award,Award,\bAward\b|\bAwarding\b|\bAwards\b,FALSE
132,VERB,NA,delegate,delegate,\bdelegate\b|\bDelegate\b|\bdelegates\b,FALSE
132,VERB,NA,specialized,specialized,\bspecialized\b,FALSE
131,VERB,NA,wish,wish,\bwish\b|\bwished\b|\bwishes\b|\bwishing\b,FALSE
131,VERB,NA,strike,strike,\bstrike\b|\bStrike\b|\bstrikes\b|\bstriking\b|\bStriking\b|\bstruck\b,FALSE
131,VERB,NA,scal,scal,\bscaled\b|\bscaling\b,FALSE
130,VERB,NA,assiste,assiste,\bassisted\b|\bassisting\b,FALSE
130,VERB,NA,watch,watch,\bwatch\b|\bWatch\b|\bwatched\b|\bwatches\b|\bwatching\b|\bWatching\b,FALSE
130,NO,NA,feel,feel,\bfeel\b|\bFeel\b|\bfeeling\b|\bfeels\b|\bfelt\b,FALSE
129,VERB,NA,hoist,hoist,\bhoist\b|\bhoisted\b|\bhoisting\b|\bhoists\b,FALSE
129,VERB,NA,pursue,pursue,\bpursue\b|\bpursued\b|\bpursues\b|\bpursuing\b,FALSE
128,VERB,NA,designate,designate,\bdesignate\b|\bdesignated\b|\bDesignated\b|\bdesignating\b,FALSE
128,VERB,NA,overcome,overcome,\bovercome\b|\bovercomes\b|\bovercoming\b,FALSE
126,VERB,NA,indicate,indicate,\bindicate\b|\bindicated\b|\bindicates\b|\bindicating\b,FALSE
125,VERB,NA,pick,pick,\bpick\b|\bPick\b|\bpicked\b|\bpicking\b|\bPicking\b|\bpicks\b,FALSE
123,VERB,NA,combining,combining,\bcombining\b,FALSE
123,VERB,NA,foun,foun,\bfounded\b|\bfounding\b,FALSE
123,VERB,NA,founde,founde,\bfounded\b|\bfounding\b,FALSE
122,VERB,NA,coordinated,coordinated,\bcoordinated\b,FALSE
121,VERB,NA,Commente,Commente,\bCommenting\b,FALSE
120,VERB,NA,tune,tune,\btune\b|\btuned\b|\btuning\b,FALSE
119,VERB,NA,cool,cool,\bcool\b|\bcooled\b|\bcooling\b|\bcools\b,FALSE
119,COMPETITION,NA,tackle,tackle,\btackle\b|\btackled\b|\btackles\b|\btackling\b|\bTackling\b,FALSE
118,VERB,NA,finished,finished,\bfinished\b,FALSE
116,VERB,NA,switchgear,switchgear,\bswitchgear\b|\bswitchgears\b,FALSE
116,VERB,NA,unveil,unveil,\bunveil\b|\bunveiled\b|\bunveiling\b|\bunveils\b,FALSE
116,VERB,NA,unveill,unveill,\bunveil\b,FALSE
116,VERB,NA,display,display,\bdisplay\b|\bDisplay\b|\bdisplayed\b|\bdisplaying\b|\bdisplays\b,FALSE
116,VERB,NA,tracking,tracking,\btracking\b|\bTracking\b,FALSE
115,VERB,NA,appeal,appeal,\bappeal\b|\bAPPEAL\b|\bappealed\b|\bappealing\b|\bappeals\b,FALSE
114,VERB,NA,recognize,recognize,\brecognize\b|\brecognized\b|\bRecognized\b|\brecognizes\b|\brecognizing\b,FALSE
114,VERB,NA,institute,institute,\binstitute\b|\binstituted\b|\binstitutes\b,FALSE
110,VERB,NA,arise,arise,\barise\b|\barisen\b|\barises\b|\barising\b|\barose\b,FALSE
108,VERB,NA,organise,organise,\borganise\b|\borganised\b|\bOrganised\b|\borganises\b|\borganising\b,FALSE
108,VERB,NA,consenting,consenting,\bconsenting\b,FALSE
106,VERB,NA,tendering,tendering,\btendering\b,FALSE
106,VERB,NA,participating,participating,\bparticipating\b|\bParticipating\b,FALSE
106,VERB,NA,quote,quote,\bquote\b|\bQuote\b|\bquoted\b|\bquotes\b|\bquoting\b,FALSE
106,VERB,NA,retain,retain,\bretain\b|\bretained\b|\bretaining\b|\bretains\b,FALSE
104,VERB,NA,specialised,specialised,\bspecialised\b,FALSE
104,VERB,NA,bolt,bolt,\bbolt\b|\bbolted\b|\bbolting\b|\bbolts\b,FALSE
103,VERB,NA,emphasize,emphasize,\bemphasize\b|\bemphasized\b|\bemphasizes\b|\bemphasizing\b,FALSE
103,VERB,NA,delaye,delaye,\bdelayed\b,FALSE
101,VERB,NA,accompany,accompany,\baccompanied\b|\bAccompanied\b|\baccompanies\b|\baccompany\b|\baccompanying\b,FALSE
101,VERB,NA,assume,assume,\bassume\b|\bassumed\b|\bassumes\b|\bassuming\b|\bAssuming\b,FALSE
101,VERB,NA,diversify,diversify,\bdiversified\b|\bdiversifies\b|\bdiversify\b|\bdiversifying\b,FALSE
101,VERB,NA,expose,expose,\bexpose\b|\bexposed\b|\bexposes\b|\bexposing\b,FALSE
100,VERB,NA,disclose,disclose,\bdisclose\b|\bdisclosed\b|\bdisclosing\b,FALSE
100,VERB,NA,foster,foster,\bfoster\b|\bFoster\b|\bfostered\b|\bfostering\b|\bFostering\b|\bfosters\b,FALSE
98,VERB,NA,appear,appear,\bappear\b|\bappeared\b|\bappearing\b|\bappears\b,FALSE
97,VERB,NA,seem,seem,\bseem\b|\bseemed\b|\bseems\b,FALSE
97,VERB,NA,allocate,allocate,\ballocate\b|\ballocated\b|\ballocating\b,FALSE
96,VERB,NA,subcontract,subcontract,\bsubcontract\b|\bsubcontracted\b|\bsubcontracting\b|\bsubcontracts\b,FALSE
96,VERB,NA,contracting,contracting,\bcontracting\b|\bContracting\b,FALSE
93,VERB,NA,modify,modify,\bmodified\b|\bmodifies\b|\bmodify\b|\bmodifying\b,FALSE
93,VERB,NA,maximize,maximize,\bmaximize\b|\bmaximized\b|\bmaximizes\b|\bmaximizing\b,FALSE
91,VERB,NA,spin,spin,\bspin\b|\bspinning\b|\bspun\b,FALSE
87,VERB,NA,mapping,mapping,\bmapping\b|\bMapping\b,FALSE
86,VERB,NA,engineere,engineere,\bengineered\b,FALSE
86,VERB,NA,cooperate,cooperate,\bcooperate\b|\bcooperated\b|\bcooperates\b|\bcooperating\b,FALSE
86,VERB,NA,revise,revise,\brevise\b|\bRevise\b|\brevised\b|\bRevised\b|\brevising\b,FALSE
83,VERB,NA,underline,underline,\bunderline\b|\bunderlines\b,FALSE
83,VERB,NA,bidding,bidding,\bbidding\b|\bBidding\b,FALSE
83,VERB,NA,finalise,finalise,\bfinalise\b|\bfinalised\b|\bfinalises\b|\bfinalising\b,FALSE
82,VERB,NA,leasis,leasis,\bleases\b,FALSE
82,VERB,NA,repeat,repeat,\brepeat\b|\brepeated\b|\brepeating\b|\brepeats\b,FALSE
81,VERB,NA,inaugurate,inaugurate,\binaugurate\b|\binaugurated\b|\binaugurates\b,FALSE
81,VERB,NA,convince,convince,\bconvince\b|\bconvinced\b,FALSE
80,VERB,NA,split,split,\bsplit\b|\bsplits\b|\bSplitting\b,FALSE
79,VERB,NA,remind,remind,\bremind\b|\breminded\b|\breminds\b,FALSE
78,VERB,NA,concentrate,concentrate,\bconcentrate\b|\bconcentrated\b|\bconcentrates\b|\bconcentrating\b,FALSE
77,VERB,NA,await,await,\bawait\b|\bawaited\b|\bawaiting\b|\bawaits\b,FALSE
77,VERB,NA,Lockheed,Lockheed,\bLockheed\b,FALSE
75,VERB,NA,warn,warn,\bwarn\b|\bwarned\b|\bwarning\b|\bWarning\b|\bwarns\b,FALSE
75,VERB,NA,colleague,colleague,\bcolleague\b|\bcolleagues\b,FALSE
74,VERB,NA,headquartere,headquartere,\bheadquartered\b,FALSE
74,VERB,NA,encompass,encompass,\bencompass\b|\bencompassed\b|\bencompasses\b,FALSE
73,VERB,NA,instruct,instruct,\binstruct\b|\binstructed\b|\bInstructed\b|\binstructs\b,FALSE
73,VERB,NA,cater,cater,\bcater\b|\bcatered\b|\bcatering\b|\bcaters\b,FALSE
72,VERB,NA,reliably,reliably,\breliably\b,FALSE
72,VERB,NA,mention,mention,\bmention\b|\bmentioned\b|\bmentioning\b|\bmentions\b,FALSE
72,VERB,NA,oversee,oversee,\boversaw\b|\boversee\b|\boverseeing\b|\bOverseeing\b|\boversees\b,FALSE
71,VERB,NA,insulate,insulate,\binsulate\b|\binsulated\b,FALSE
71,VERB,NA,convinced,convinced,\bconvinced\b,FALSE
71,VERB,NA,exploring,exploring,\bexploring\b,FALSE
71,VERB,NA,mobilize,mobilize,\bmobilize\b|\bmobilized\b|\bmobilizing\b,FALSE
71,VERB,NA,acknowledge,acknowledge,\backnowledge\b|\backnowledged\b|\backnowledges\b|\backnowledging\b,FALSE
70,VERB,NA,jointing,jointing,\bjointing\b,FALSE
69,VERB,NA,attracte,attracte,\battracting\b,FALSE
69,VERB,NA,exporting,exporting,\bexporting\b,FALSE
69,VERB,NA,climb,climb,\bclimb\b|\bClimb\b|\bclimbed\b|\bclimbing\b|\bclimbs\b,FALSE
68,VERB,NA,harvest,harvest,\bharvest\b|\bharvested\b|\bharvesting\b|\bharvests\b,FALSE
67,VERB,NA,embark,embark,\bembark\b|\bembarked\b|\bembarking\b|\bembarks\b,FALSE
67,VERB,NA,dominate,dominate,\bdominate\b|\bdominated\b|\bDominated\b|\bdominates\b|\bdominating\b,FALSE
66,VERB,NA,consolidate,consolidate,\bconsolidate\b|\bconsolidated\b|\bconsolidates\b,FALSE
66,VERB,NA,inject,inject,\binject\b|\binjected\b|\binjecting\b,FALSE
64,VERB,NA,appreciate,appreciate,\bappreciate\b|\bappreciated\b|\bappreciates\b,FALSE
63,VERB,NA,partnering,partnering,\bpartnering\b,FALSE
62,VERB,NA,teame,teame,\bteamed\b|\bteaming\b,FALSE
62,VERB,NA,witness,witness,\bwitness\b|\bWitness\b|\bwitnessed\b|\bwitnesses\b,FALSE
61,VERB,NA,strive,strive,\bstrive\b|\bstrived\b|\bstrives\b|\bstriving\b,FALSE
60,VERB,NA,capitalise,capitalise,\bcapitalise\b|\bcapitalised\b|\bcapitalises\b|\bcapitalising\b,FALSE
60,VERB,NA,illustrate,illustrate,\billustrate\b|\billustrated\b|\billustrates\b|\billustrating\b,FALSE
58,VERB,NA,succeed,succeed,\bsucceed\b|\bsucceeded\b|\bsucceeding\b|\bSucceeding\b|\bsucceeds\b,FALSE
58,VERB,NA,accomplish,accomplish,\baccomplish\b|\baccomplished\b|\baccomplishes\b|\baccomplishing\b,FALSE
58,VERB,NA,drag,drag,\bdrag\b|\bDrag\b|\bdragged\b|\bdragging\b,FALSE
58,VERB,NA,reject,reject,\breject\b|\brejected\b|\brejecting\b|\brejects\b,FALSE
58,VERB,NA,surpass,surpass,\bsurpass\b|\bsurpassed\b|\bsurpasses\b|\bsurpassing\b,FALSE
58,VERB,NA,Commissioning,Commissioning,\bCommissioning\b,FALSE
57,VERB,NA,christ,christ,\bchristen\b,FALSE
57,VERB,NA,Tender,Tender,\bTender\b|\bTENDER\b|\bTendering\b|\bTenders\b,FALSE
57,VERB,NA,innovate,innovate,\binnovate\b|\binnovated\b|\binnovates\b,FALSE
57,VERB,NA,viewing,viewing,\bviewing\b,FALSE
56,VERB,NA,suspend,suspend,\bsuspend\b|\bsuspended\b|\bSuspended\b|\bsuspending\b,FALSE
55,VERB,NA,settle,settle,\bsettle\b|\bsettled\b|\bsettling\b,FALSE
55,VERB,NA,assure,assure,\bassure\b|\bassured\b|\bassures\b|\bassuring\b,FALSE
55,VERB,NA,characterize,characterize,\bcharacterize\b|\bcharacterized\b|\bcharacterizes\b|\bcharacterizing\b,FALSE
54,VERB,NA,thrill,thrill,\bthrilled\b|\bthrilling\b,FALSE
53,VERB,NA,damaged,damaged,\bdamaged\b,FALSE
53,VERB,NA,root,root,\broot\b|\bRoot\b|\brooted\b|\broots\b,FALSE
53,VERB,NA,trigger,trigger,\btrigger\b|\btriggered\b|\bTriggered\b|\btriggering\b|\btriggers\b,FALSE
52,VERB,NA,emphasise,emphasise,\bemphasise\b|\bemphasised\b|\bemphasises\b|\bemphasising\b,FALSE
52,VERB,NA,accompanying,accompanying,\baccompanying\b,FALSE
52,VERB,NA,deem,deem,\bdeem\b|\bdeemed\b|\bDeemed\b|\bdeems\b,FALSE
52,VERB,NA,levelise,levelise,\blevelised\b,FALSE
51,VERB,NA,binding,binding,\bbinding\b,FALSE
51,VERB,NA,bundle,bundle,\bbundle\b|\bbundled\b|\bbundles\b|\bbundling\b,FALSE
51,VERB,NA,attempt,attempt,\battempt\b|\battempted\b|\battempting\b|\battempts\b|\bAttempts\b,FALSE
50,VERB,NA,commercialize,commercialize,\bcommercialize\b|\bcommercialized\b|\bcommercializing\b,FALSE
50,VERB,NA,finalize,finalize,\bfinalize\b|\bfinalized\b|\bfinalizing\b,FALSE
50,VERB,NA,standardize,standardize,\bstandardize\b|\bstandardized\b|\bstandardizes\b|\bstandardizing\b,FALSE
50,VERB,NA,configured,configured,\bconfigured\b,FALSE
50,VERB,NA,endorse,endorse,\bendorse\b|\bendorsed\b|\bendorses\b,FALSE
50,VERB,NA,focuss,focuss,\bfocussed\b|\bfocusses\b,FALSE
49,VERB,NA,exhibiting,exhibiting,\bexhibiting\b,FALSE
49,VERB,NA,retrofit,retrofit,\bretrofit\b|\bRetrofit\b|\bretrofits\b|\bretrofitted\b|\bretrofitting\b,FALSE
48,VERB,NA,argue,argue,\bargue\b|\bargued\b|\bargues\b|\barguing\b,FALSE
48,VERB,NA,survive,survive,\bsurvive\b|\bsurvived\b|\bsurvives\b|\bsurviving\b,FALSE
47,VERB,NA,profil,profil,\bprofiled\b|\bprofiling\b,FALSE
47,VERB,NA,derive,derive,\bderive\b|\bderived\b|\bderives\b|\bderiving\b,FALSE
46,VERB,NA,estate,estate,\bestate\b,FALSE
46,VERB,NA,accumulate,accumulate,\baccumulate\b|\baccumulated\b|\bAccumulated\b|\baccumulates\b|\baccumulating\b,FALSE
46,VERB,NA,impacte,impacte,\bimpacted\b|\bimpacting\b,FALSE
46,VERB,NA,love,love,\blove\b|\bLove\b|\bloved\b,FALSE
46,VERB,NA,taske,taske,\btasked\b,FALSE
45,VERB,NA,reap,reap,\breap\b|\breaped\b|\breaping\b,FALSE
45,VERB,NA,renam,renam,\brenamed\b|\brenaming\b,FALSE
44,VERB,NA,forthcom,forthcom,\bforthcoming\b,FALSE
44,VERB,NA,jump,jump,\bjump\b|\bjumped\b|\bjumping\b|\bjumps\b,FALSE
43,VERB,NA,occupy,occupy,\boccupied\b|\boccupies\b|\boccupy\b|\boccupying\b,FALSE
42,VERB,NA,declare,declare,\bdeclare\b|\bdeclared\b|\bdeclares\b|\bdeclaring\b,FALSE
42,VERB,NA,flagge,flagge,\bflagged\b,FALSE
42,VERB,NA,staging,staging,\bstaging\b,FALSE
42,VERB,NA,attain,attain,\battain\b|\battained\b|\battains\b,FALSE
41,VERB,NA,clock,clock,\bclock\b|\bclocked\b,FALSE
40,VERB,NA,destin,destin,\bdestined\b,FALSE
40,VERB,NA,entail,entail,\bentail\b|\bentailed\b|\bentailing\b|\bentails\b,FALSE
40,VERB,NA,pride,pride,\bpride\b|\bPride\b|\bprides\b,FALSE
39,VERB,NA,resin,resin,\bresin\b|\bresins\b,FALSE
39,VERB,NA,negotiate,negotiate,\bnegotiate\b|\bnegotiated\b|\bnegotiates\b|\bnegotiating\b,FALSE
39,VERB,NA,bolster,bolster,\bbolster\b|\bbolstered\b|\bbolstering\b|\bbolsters\b,FALSE
39,VERB,NA,grouting,grouting,\bgrouting\b,FALSE
39,VERB,NA,moderate,moderate,\bmoderate\b|\bModerate\b|\bmoderated\b|\bmoderating\b,FALSE
38,VERB,NA,hammere,hammere,\bhammered\b|\bhammering\b,FALSE
37,VERB,NA,upend,upend,\bupend\b|\bupended\b|\bupending\b|\bupends\b,FALSE
36,VERB,NA,coincide,coincide,\bcoincide\b|\bcoincided\b|\bcoincides\b|\bcoinciding\b,FALSE
36,VERB,NA,administer,administer,\badminister\b|\badministered\b|\badministering\b,FALSE
36,VERB,NA,withdraw,withdraw,\bwithdraw\b|\bwithdrawing\b|\bwithdrawn\b|\bwithdrew\b,FALSE
35,VERB,NA,dispatch,dispatch,\bdispatch\b|\bdispatched\b,FALSE
35,VERB,NA,grave,grave,\bgrave\b|\bGrave\b,FALSE
35,VERB,NA,stabilise,stabilise,\bstabilise\b|\bstabilised\b|\bstabilising\b,FALSE
35,VERB,NA,stick,stick,\bstick\b|\bsticking\b|\bsticks\b,FALSE
35,VERB,NA,understood,understood,\bunderstood\b,FALSE
34,VERB,NA,restructuring,restructuring,\brestructuring\b,FALSE
34,VERB,NA,terminate,terminate,\bterminate\b|\bterminated\b|\bterminates\b|\bterminating\b,FALSE
33,VERB,NA,cancel,cancel,\bcancel\b|\bcanceled\b|\bcancelled\b|\bcancelling\b,FALSE
33,VERB,NA,capitalize,capitalize,\bcapitalize\b|\bcapitalized\b|\bcapitalizes\b|\bcapitalizing\b,FALSE
32,VERB,NA,belong,belong,\bbelong\b|\bbelonging\b|\bbelongs\b,FALSE
32,VERB,NA,congratulate,congratulate,\bcongratulate\b|\bcongratulated\b|\bcongratulates\b|\bcongratulating\b,FALSE
31,VERB,NA,centralise,centralise,\bcentralise\b|\bcentralised\b|\bcentralises\b,FALSE
29,VERB,NA,revolve,revolve,\brevolve\b|\brevolves\b|\brevolving\b,FALSE
29,VERB,NA,endure,endure,\bendure\b|\bendured\b|\bendures\b|\benduring\b|\bEnduring\b,FALSE
28,VERB,NA,nominate,nominate,\bnominate\b|\bnominated\b|\bnominates\b,FALSE
28,VERB,NA,perceive,perceive,\bperceive\b|\bperceived\b,FALSE
28,VERB,NA,poole,poole,\bpooling\b,FALSE
27,VERB,NA,offload,offload,\boffload\b|\boffloaded\b|\boffloading\b,FALSE
27,VERB,NA,calibrate,calibrate,\bcalibrate\b|\bcalibrated\b,FALSE
26,VERB,NA,groute,groute,\bgrouted\b,FALSE
26,VERB,NA,CMS,CMS,\bCMS\b,FALSE
26,VERB,NA,enlarge,enlarge,\benlarge\b|\benlarged\b|\benlarging\b,FALSE
26,VERB,NA,minimised,minimised,\bminimised\b,FALSE
25,VERB,NA,Invest,Invest,\bInvesting\b|\bINVESTING\b,FALSE
25,VERB,NA,documen,documen,\bdocumented\b,FALSE
25,VERB,NA,spearhead,spearhead,\bspearhead\b|\bspearheaded\b|\bspearheading\b|\bspearheads\b,FALSE
25,VERB,NA,compose,compose,\bcomposed\b|\bcomposes\b,FALSE
25,VERB,NA,earmark,earmark,\bearmark\b|\bearmarked\b,FALSE
24,VERB,NA,worry,worry,\bworried\b|\bworries\b|\bworry\b|\bworrying\b,FALSE
24,VERB,NA,maiden,maiden,\bmaiden\b,FALSE
24,VERB,NA,notify,notify,\bnotified\b|\bnotifies\b|\bnotify\b|\bnotifying\b,FALSE
24,VERB,NA,energise,energise,\benergise\b|\benergised\b|\benergising\b,FALSE
24,VERB,NA,widen,widen,\bwiden\b|\bwidened\b|\bwidening\b|\bwidens\b,FALSE
23,VERB,NA,buying,buying,\bbuying\b,FALSE
23,VERB,NA,pre-installed,pre-installed,\bpre-installed\b,FALSE
23,VERB,NA,underlin,underlin,\bunderlined\b|\bunderlining\b,FALSE
23,VERB,NA,unschedule,unschedule,\bunscheduled\b,FALSE
22,VERB,NA,co-fund,co-fund,\bco-fund\b|\bco-funded\b|\bco-funding\b,FALSE
21,VERB,NA,grounde,grounde,\bgrounded\b|\bgrounding\b,FALSE
21,VERB,NA,enjoyed,enjoyed,\benjoyed\b,FALSE
21,VERB,NA,troubleshoot,troubleshoot,\btroubleshoot\b|\btroubleshooting\b,FALSE
20,VERB,NA,collate,collate,\bcollate\b|\bcollated\b|\bcollates\b,FALSE
20,VERB,NA,pinpoint,pinpoint,\bpinpoint\b|\bpinpointed\b|\bpinpointing\b|\bpinpoints\b,FALSE
19,VERB,NA,hal,hal,\bhalt\b,FALSE
18,VERB,NA,longstanding,longstanding,\blongstanding\b,FALSE
18,VERB,NA,Partner,Partner,\bPartnering\b,FALSE
18,VERB,NA,dismiss,dismiss,\bdismiss\b|\bdismissed\b|\bdismissing\b,FALSE
18,VERB,NA,drilled,drilled,\bdrilled\b,FALSE
18,VERB,NA,fixing,fixing,\bfixing\b|\bFixing\b|\bfixings\b,FALSE
17,VERB,NA,celebrat,celebrat,\bcelebrating\b,FALSE
17,VERB,NA,conceive,conceive,\bconceive\b|\bconceived\b,FALSE
17,VERB,NA,containerise,containerise,\bcontainerised\b,FALSE
16,VERB,NA,seafasten,seafasten,\bseafastened\b|\bseafastening\b,FALSE
16,VERB,NA,certifying,certifying,\bcertifying\b,FALSE
16,VERB,NA,ordering,ordering,\bordering\b,FALSE
16,VERB,NA,outsource,outsource,\boutsourced\b|\boutsourcing\b,FALSE
16,CONTRACT,NA,qualifying,qualifying,\bqualifying\b,FALSE
15,VERB,NA,breach,breach,\bbreach\b|\bbreached\b|\bbreaches\b,FALSE
15,VERB,NA,entrust,entrust,\bentrusted\b|\bentrusting\b|\bentrusts\b,FALSE
15,VERB,NA,redefine,redefine,\bredefine\b|\bredefined\b|\bredefining\b,FALSE
15,VERB,NA,intensify,intensify,\bintensifies\b|\bintensify\b|\bintensifying\b,FALSE
15,VERB,NA,reconfigure,reconfigure,\breconfigure\b|\breconfigured\b,FALSE
15,VERB,NA,Secur,Secur,\bSecuring\b,FALSE
14,VERB,NA,underpinn,underpinn,\bunderpinning\b,FALSE
12,VERB,NA,dominat,dominat,\bdominating\b,FALSE
11,VERB,NA,grounding,grounding,\bgrounding\b|\bgroundings\b,FALSE
11,VERB,NA,cate,cate,\bcatering\b,FALSE
11,VERB,NA,pre-select,pre-select,\bpre-selected\b,FALSE
11,VERB,NA,pre-selected,pre-selected,\bpre-selected\b,FALSE
11,VERB,NA,reposition,reposition,\breposition\b|\brepositioned\b|\brepositioning\b,FALSE
11,VERB,NA,shake,shake,\bshade\b|\bshake\b|\bShake\b|\bshaken\b|\bshook\b,FALSE
11,VERB,NA,suspect,suspect,\bsuspect\b|\bsuspected\b|\bsuspects\b,FALSE
11,VERB,NA,underscor,underscor,\bunderscored\b|\bunderscoring\b,FALSE
10,VERB,NA,formalise,formalise,\bformalise\b|\bformalised\b|\bformalising\b,FALSE
10,VERB,NA,Insulate,Insulate,\bInsulated\b,FALSE
10,VERB,NA,gratify,gratify,\bgratified\b|\bgratifying\b,FALSE
10,VERB,NA,yielding,yielding,\byielding\b,FALSE
9,VERB,NA,aiding,aiding,\baiding\b,FALSE
9,VERB,NA,appraise,appraise,\bappraise\b|\bappraised\b|\bappraising\b,FALSE
9,VERB,NA,greet,greet,\bgreet\b|\bgreeted\b,FALSE
9,VERB,NA,liaise,liaise,\bliaise\b|\bliaised\b|\bliaising\b,FALSE
9,VERB,NA,mobilizing,mobilizing,\bmobilizing\b,FALSE
9,VERB,NA,repaint,repaint,\brepaint\b|\brepainted\b|\brepainting\b,FALSE
9,VERB,NA,Unexploded,Unexploded,\bUnexploded\b,FALSE
8,VERB,NA,bundling,bundling,\bbundling\b,FALSE
8,VERB,NA,co-operate,co-operate,\bco-operate\b,FALSE
8,VERB,NA,crewed,crewed,\bcrewed\b,FALSE
7,VERB,NA,commut,commut,\bcommuting\b,FALSE
7,VERB,NA,enlist,enlist,\benlisted\b|\benlisting\b,FALSE
7,VERB,NA,evok,evok,\bevoked\b,FALSE
7,VERB,NA,mastere,mastere,\bmastered\b|\bmastering\b,FALSE
7,VERB,NA,overturn,overturn,\boverturned\b|\boverturning\b,FALSE
7,VERB,NA,pre-sweep,pre-sweep,\bpre-sweep\b|\bpre-sweeping\b,FALSE
7,VERB,NA,triale,triale,\btrialed\b|\btrialing\b,FALSE
6,VERB,NA,crowdfunding,crowdfunding,\bcrowdfunding\b,FALSE
5,VERB,NA,discontinue,discontinue,\bdiscontinue\b|\bdiscontinued\b,FALSE
5,VERB,NA,aggregated,aggregated,\baggregated\b,FALSE
5,VERB,NA,baptize,baptize,\bbaptized\b,FALSE
5,VERB,NA,preform,preform,\bpreformed\b|\bpreforming\b|\bpreforms\b,FALSE
5,VERB,NA,waive,waive,\bwaive\b|\bwaived\b|\bwaiving\b,FALSE
5,VERB,NA,divest,divest,\bdivested\b,FALSE
4,VERB,NA,prepil,prepil,\bprepiling\b,FALSE
4,VERB,NA,recall,recall,\brecalled\b|\brecalls\b,FALSE
4,VERB,NA,recommence,recommence,\brecommence\b|\brecommenced\b,FALSE
4,VERB,NA,steaming,steaming,\bsteaming\b,FALSE
3,VERB,NA,preselect,preselect,\bpreselected\b,FALSE
3,VERB,NA,co-own,co-own,\bco-owned\b,FALSE
3,VERB,NA,crown,crown,\bcrowned\b|\bcrowning\b,FALSE
3,VERB,NA,worsen,worsen,\bworsening\b,FALSE
2,VERB,NA,commemorate,commemorate,\bcommemorate\b|\bcommemorated\b,FALSE
2,VERB,NA,carryout,carryout,\bcarryout\b,FALSE
2,VERB,NA,elapsed,elapsed,\belapsed\b,FALSE
2,VERB,NA,re-brand,re-brand,\bre-branded\b,FALSE
2,VERB,NA,reapply,reapply,\breapply\b,FALSE
1,VERB,NA,juxtapose,juxtapose,\bjuxtaposed\b,FALSE
1,VERB,NA,ascend,ascend,\bascended\b,FALSE
1,VERB,NA,Commision,Commision,\bCommisioned\b,FALSE
1,VERB,NA,conceal,conceal,\bconceal\b,FALSE
1,VERB,NA,demount,demount,\bdemounting\b,FALSE
1,VERB,NA,geoconsult,geoconsult,\bgeoconsulting\b,FALSE
1,VERB,NA,grossing,grossing,\bgrossing\b,FALSE
1,VERB,NA,hadsign,hadsign,\bhadsigned\b,FALSE
1,VERB,NA,Heaving,Heaving,\bHeaving\b,FALSE
1,VERB,NA,hospitalize,hospitalize,\bhospitalized\b,FALSE
1,VERB,NA,monopolize,monopolize,\bmonopolized\b,FALSE
1,VERB,NA,ravage,ravage,\bravaged\b,FALSE
1,VERB,NA,thruthing,thruthing,\bthruthing\b,FALSE
